date       time     [thread name/id ]                   file:line    v |
2026-01-31 15:38:17 [MainThread      ]                Log.cpp:286   INFO| Opened log file Hades II.log
2026-01-31 15:38:17 [MainThread      ]            Program.cpp:2284  INFO| Previous stack guard size was 0 bytes
2026-01-31 15:38:17 [MainThread      ]    PlatformService.cpp:81    INFO| Processor Count : 16
2026-01-31 15:38:17 [MainThread      ]            Program.cpp:2716  INFO| TotalRam: 12208005120
2026-01-31 15:38:17 [MainThread      ]            Program.cpp:2717  INFO| Running Hades II in 64-bit
2026-01-31 15:38:22 [MainThread      ]            Program.cpp:2814  INFO| Initial startup in 4.6 msec
2026-01-31 15:38:22 [MainThread      ]       PCSaveDevice.cpp:321   INFO| Opened save file for reading: activeProfile
2026-01-31 15:38:22 [MainThread      ]     BinaryLoadData.cpp:12    INFO| Reading 16 bytes
2026-01-31 15:38:22 [MainThread      ]     ProfileManager.cpp:46    INFO| Loading default profile C:\users\steamuser\Saved Games\Hades II Profile1
2026-01-31 15:38:22 [MainThread      ]     ProfileManager.cpp:192   INFO| ProfileManager::Load(): Profile1 
2026-01-31 15:38:22 [MainThread      ]       PCSaveDevice.cpp:321   INFO| Opened save file for reading: Profile1.sjson
2026-01-31 15:38:22 [MainThread      ]      ConfigOptions.cpp:781   INFO| ConfigOption: BackupSaveCount = 1
2026-01-31 15:38:22 [MainThread      ]      ConfigOptions.cpp:774   INFO| ConfigOption: UseAnalytics = false
2026-01-31 15:38:22 [MainThread      ]      ConfigOptions.cpp:774   INFO| ConfigOption: ValidCheckpoint = false
2026-01-31 15:38:22 [MainThread      ]      ConfigOptions.cpp:781   INFO| ConfigOption: CurrentSettingsCategory = 256
2026-01-31 15:38:22 [MainThread      ]     ProfileManager.cpp:223   INFO| Load profile Profile1.sjson successful
2026-01-31 15:38:22 [MainThread      ]       PCSaveDevice.cpp:321   INFO| Opened save file for reading: GlobalSettingsWin.sjson
2026-01-31 15:38:22 [MainThread      ]      ConfigOptions.cpp:807   INFO| ConfigOption: GraphicsQualityPreset = GraphicsQualityPreset_High
2026-01-31 15:38:22 [MainThread      ]      ConfigOptions.cpp:781   INFO| ConfigOption: NewUpdateSoundRevisionViewed = 131346
2026-01-31 15:38:22 [MainThread      ]      ConfigOptions.cpp:781   INFO| ConfigOption: LastRoadmapRevisionViewed = 131346
2026-01-31 15:38:22 [MainThread      ]      ConfigOptions.cpp:781   INFO| ConfigOption: LastPatchNoteRevisionViewed = 131346
2026-01-31 15:38:22 [MainThread      ]      ConfigOptions.cpp:774   INFO| ConfigOption: FullScreen = true
2026-01-31 15:38:22 [MainThread      ]      ConfigOptions.cpp:781   INFO| ConfigOption: Y = 2160
2026-01-31 15:38:22 [MainThread      ]      ConfigOptions.cpp:781   INFO| ConfigOption: X = 3840
2026-01-31 15:38:22 [MainThread      ]      ConfigOptions.cpp:774   INFO| ConfigOption: VSync = false
2026-01-31 15:38:22 [MainThread      ]      ConfigOptions.cpp:774   INFO| ConfigOption: AutoDetectLowResAssets = false
2026-01-31 15:38:22 [MainThread      ]     ProfileManager.cpp:223   INFO| Load profile GlobalSettingsWin.sjson successful
2026-01-31 15:38:22 [MainThread      ]     BinarySaveData.cpp:42    INFO| PrepareForWrite dataSize = 16 bytes
2026-01-31 15:38:22 [MainThread      ]     BinarySaveData.cpp:17    INFO| Writing 16 bytes
2026-01-31 15:38:22 [MainThread      ]            Program.cpp:2846  INFO| Profile load in 0.0 msec
2026-01-31 15:38:22 [MainThread      ]        WindowsBase.cpp:379   INFO| ----Begin printing all displays available on the system----
2026-01-31 15:38:22 [MainThread      ]        WindowsBase.cpp:383   INFO| Number of detected displays: 1
2026-01-31 15:38:22 [MainThread      ]        WindowsBase.cpp:532   INFO| 2026-01-31 15:38:22 [MainThread      ]        WindowsBase.cpp:540   INFO| (320 x 200) (320 x 240) (640 x 350) (640 x 400) (720 x 400) (640 x 480) (720 x 480) 
2026-01-31 15:38:22 [MainThread      ]        WindowsBase.cpp:540   INFO| (768 x 480) (864 x 486) (800 x 500) (960 x 540) (1024 x 576) (928 x 580) (800 x 600) 
2026-01-31 15:38:22 [MainThread      ]        WindowsBase.cpp:540   INFO| (960 x 600) (1152 x 720) (1280 x 720) (1024 x 768) (1368 x 768) (1280 x 800) (1920 x 800) 
2026-01-31 15:38:22 [MainThread      ]        WindowsBase.cpp:540   INFO| (1152 x 864) (1440 x 900) (1600 x 900) (1280 x 960) (1440 x 960) (1280 x 1024) (1400 x 1050) 
2026-01-31 15:38:22 [MainThread      ]        WindowsBase.cpp:544   INFO| (1680 x 1050) (1440 x 1080) (1920 x 1080) 
2026-01-31 15:38:22 [MainThread      ]        WindowsBase.cpp:548   INFO| ----Finish printing all displays available on the system----
2026-01-31 15:38:22 [MainThread      ]         Resolution.cpp:160   INFO| Monitor modes:
2026-01-31 15:38:22 [MainThread      ]            Program.cpp:2908  INFO| DisplayModes Configured
2026-01-31 15:38:22 [MainThread      ]        WindowsBase.cpp:718   INFO| Created window app Hades II
2026-01-31 15:38:22 [MainThread      ]         Resolution.cpp:160   INFO| Monitor modes:
2026-01-31 15:38:22 [MainThread      ]            Program.cpp:3200  INFO| DisplayModes Configured
2026-01-31 15:38:22 [MainThread      ]            Program.cpp:3216  INFO| PlatformService Initialized
2026-01-31 15:38:22 [MainThread      ]   InputSystemWin64.cpp:1143  INFO| InputSystemSDL init. [initInputSystem]
2026-01-31 15:38:22 [MainThread      ]   InputSystemWin64.cpp:219   INFO| SDL Initialized with SDL_HINT_JOYSTICK_ALLOW_BACKGROUND_EVENTS
2026-01-31 15:38:22 [MainThread      ]   InputSystemWin64.cpp:228   INFO| SDL_HINT_JOYSTICK_RAWINPUT = 0
2026-01-31 15:38:22 [MainThread      ]   InputSystemWin64.cpp:239   INFO| InputSystemSDL Initialized 
2026-01-31 15:38:22 [MainThread      ]       SDL2_GamePad.cpp:314   INFO| Could not open file: gamecontrollerdb.txt
2026-01-31 15:38:22 [MainThread      ]       SDL2_GamePad.cpp:355   INFO| SDL Version is: 2.32.6
2026-01-31 15:38:22 [MainThread      ]            Program.cpp:3225  INFO| InputSystem Initialized
2026-01-31 15:38:22 [MainThread      ]      ForgeRenderer.cpp:2184  INFO| Aftermath GFSDK_Aftermath_EnableGpuCrashDumps failed
2026-01-31 15:38:22 [MainThread      ]      ForgeRenderer.cpp:2192  INFO| Graphics Adapter Preferece: AUTO
2026-01-31 15:38:23 [MainThread      ]            AgsHelper.h:49    INFO| AMD Display Driver Version 4243976448
2026-01-31 15:38:23 [MainThread      ]            AgsHelper.h:50    INFO| AMD Display Driver Version 5.4.1
2026-01-31 15:38:23 [MainThread      ]            AgsHelper.h:51    INFO| AMD Radeon Software Version 99.10.2
2026-01-31 15:38:23 [MainThread      ]         Direct3D12.cpp:1724  INFO| GPU[0] detected. Vendor ID: 1002, Model ID: 15bf, Revision ID: 0, GPU Name: AMD Radeon Graphics (RADV PHOENIX)
2026-01-31 15:38:23 [MainThread      ]         Direct3D12.cpp:1850  INFO| GPU[0] detected for possible selection. Vendor ID: 1002, Model ID: 15bf, Revision ID: 0, GPU Name: AMD Radeon Graphics (RADV PHOENIX)
2026-01-31 15:38:23 [MainThread      ]         Direct3D12.cpp:1902  INFO| GPU[0] is selected as default GPU
2026-01-31 15:38:23 [MainThread      ]         Direct3D12.cpp:1903  INFO| Name of selected gpu: AMD Radeon Graphics (RADV PHOENIX)
2026-01-31 15:38:23 [MainThread      ]         Direct3D12.cpp:1904  INFO| Vendor id of selected gpu: 0x1002
2026-01-31 15:38:23 [MainThread      ]         Direct3D12.cpp:1905  INFO| Model id of selected gpu: 0x15bf
2026-01-31 15:38:23 [MainThread      ]         Direct3D12.cpp:1906  INFO| Revision id of selected gpu: 0
2026-01-31 15:38:23 [MainThread      ]         Direct3D12.cpp:2424  INFO| Profile: AddDevice with FastCreate ON 0.341000
2026-01-31 15:38:23 [MainThread      ]      ForgeRenderer.cpp:2243  INFO| Aftermath GFSDK_Aftermath_DX12_Initialize failed
2026-01-31 15:38:23 [MainThread      ]      ForgeRenderer.cpp:2253  INFO| Amd driver version detected: 99.19.02-230831a-396538C-AMD-Software-Adrenalin-Edition
2026-01-31 15:38:23 [MainThread      ]      ForgeRenderer.cpp:2254  INFO| Nvidia driver version detected: 0
2026-01-31 15:38:23 [MainThread      ]            Program.cpp:3244  INFO| Renderer Initialized
2026-01-31 15:38:23 [MainThread      ]            Program.cpp:3256  INFO| Display 0: Generic Non-PnP Monitor
2026-01-31 15:38:23 [MainThread      ]            Program.cpp:3257  INFO| Refresh Rate: 120 hz
2026-01-31 15:38:23 [MainThread      ]      ForgeRenderer.cpp:2512  INFO| ForgeRenderer::Load
2026-01-31 15:38:23 [MainThread      ]            Program.cpp:3264  INFO| Renderer Loaded
2026-01-31 15:38:23 [MainThread      ]      ConfigOptions.cpp:227   INFO| DetectSystemMinSpec
2026-01-31 15:38:23 [MainThread      ]      ConfigOptions.cpp:229   INFO| Total RAM Megabytes: 11642
2026-01-31 15:38:23 [MainThread      ]         Direct3D12.cpp:1584  INFO| Shared system graphics memory 3305 MB
2026-01-31 15:38:23 [MainThread      ]      ConfigOptions.cpp:233   INFO| Total Display Memory Megabytes: 9916
2026-01-31 15:38:23 [MainThread      ]      ConfigOptions.cpp:234   INFO| VRAM Megabytes: 6611
2026-01-31 15:38:23 [MainThread      ]      ConfigOptions.cpp:235   INFO| Shared Memory Megabytes: 3305
2026-01-31 15:38:23 [MainThread      ]      ConfigOptions.cpp:237   INFO| Total processor cores: 16
2026-01-31 15:38:23 [MainThread      ]                App.cpp:145   INFO| Starting app: Ship 131346
2026-01-31 15:38:23 [MainThread      ]         Resolution.cpp:93    INFO| ____________________________________Resolution::Resize __________________
2026-01-31 15:38:23 [MainThread      ]         Resolution.cpp:94    INFO| VIEWPORT: X: 0  Y: 0 W: 3840 H: 2160
2026-01-31 15:38:23 [MainThread      ]         Resolution.cpp:95    INFO| SCALE: X: 2.000000 Y: 2.000000
2026-01-31 15:38:23 [MainThread      ]         Resolution.cpp:96    INFO| FULL_VIEWPORT: X: 0  Y: 0 W: 3840 H: 2160
2026-01-31 15:38:23 [MainThread      ]         Resolution.cpp:97    INFO| ____________________________________Resolution::Resize__________________
2026-01-31 15:38:23 [MainThread      ]                App.cpp:168   INFO| Initializing graphics device: 3840x2160
2026-01-31 15:38:23 [MainThread      ]                App.cpp:173   INFO| Setting fullscreen: true
2026-01-31 15:38:23 [MainThread      ]                App.cpp:195   INFO| Create components
2026-01-31 15:38:23 [MainThread      ]                App.cpp:212   INFO| Full screen bloom
2026-01-31 15:38:23 [MainThread      ]                App.cpp:213   INFO| Frame rate counter
2026-01-31 15:38:23 [MainThread      ]                App.cpp:219   INFO| Done with constructor
2026-01-31 15:38:23 [MainThread      ]                App.cpp:222   INFO| Setting RandomSeed: 59307
2026-01-31 15:38:23 [MainThread      ]                App.cpp:464   INFO| App Initialize
2026-01-31 15:38:23 [MainThread      ]        DrawManager.cpp:224   INFO| Started adding shader files
2026-01-31 15:38:23 [MainThread      ]        DrawManager.cpp:272   INFO| Finished adding shader files
2026-01-31 15:38:23 [MainThread      ]      ForgeRenderer.cpp:2956  INFO| Early pipeline creation for Default, BS_AlphaBlend, DS_None
2026-01-31 15:38:23 [MainThread      ]      ForgeRenderer.cpp:2960  INFO| Early pipeline creation for Blit2D, BS_Opaque, DS_None
2026-01-31 15:38:23 [MainThread      ]      ForgeRenderer.cpp:2964  INFO| Early pipeline creation for Blit2DDepth, BS_Opaque, DS_DepthWrite
2026-01-31 15:38:23 [MainThread      ]      ForgeRenderer.cpp:2968  INFO| Early pipeline creation finished
2026-01-31 15:38:23 [MainThread      ]        DrawManager.cpp:275   INFO| Finished adding shader resources
2026-01-31 15:38:23 [MainThread      ]   GameAssetManager.cpp:658   INFO| Loading package: Launch.pkg
2026-01-31 15:38:23 [MainThread      ]   GameAssetManager.cpp:571   INFO| Start reading manifest Launch
2026-01-31 15:38:23 [MainThread      ]   GameAssetManager.cpp:632   INFO| Done reading manifest Launch
2026-01-31 15:38:23 [MainThread      ]   GameAssetManager.cpp:687   INFO| Package Loaded: Launch 4Mb in 0.00s
2026-01-31 15:38:23 [MainThread      ]                App.cpp:478   INFO| Load Launch Pkg took 0.023374 seconds
2026-01-31 15:38:23 [MainThread      ]       Localization.cpp:270   INFO| SetLang = en
2026-01-31 15:38:23 [MainThread      ]              Fonts.cpp:281   INFO| Font memory usage for lang en: 16743 kb / 28672 kb
2026-01-31 15:38:23 [MainThread      ]                App.cpp:485   INFO| Localization::Init() took 0.051514 seconds
2026-01-31 15:38:23 [SmallTaskScheduler]       PCSaveDevice.cpp:343   INFO| Unable to find save file: Profile1.ctrls
2026-01-31 15:38:23 [MainThread      ]       AudioManager.cpp:588   INFO| Streaming VO because ForceVoiceBankStreaming
2026-01-31 15:38:23 [MainThread      ]    GameDataManager.cpp:266   INFO| Reading game data from Z:\home\thegur23\Documents\Hades II\Content\Game
2026-01-31 15:38:23 [LoadTaskScheduler]             LuaExt.cpp:576   INFO| Lua interface destroyed
2026-01-31 15:38:23 [MainThread      ]                App.cpp:333   INFO| App.resize 3840x2160 Fullscreen
2026-01-31 15:38:23 [MainThread      ]         Resolution.cpp:93    INFO| ____________________________________Resolution::Resize __________________
2026-01-31 15:38:23 [MainThread      ]         Resolution.cpp:94    INFO| VIEWPORT: X: 0  Y: 0 W: 3840 H: 2160
2026-01-31 15:38:23 [MainThread      ]         Resolution.cpp:95    INFO| SCALE: X: 2.000000 Y: 2.000000
2026-01-31 15:38:23 [MainThread      ]         Resolution.cpp:96    INFO| FULL_VIEWPORT: X: 0  Y: 0 W: 3840 H: 2160
2026-01-31 15:38:23 [MainThread      ]         Resolution.cpp:97    INFO| ____________________________________Resolution::Resize__________________
2026-01-31 15:38:24 [MainThread      ]       LaunchScreen.cpp:209   INFO| new LaunchScreen
2026-01-31 15:38:24 [LoadTaskScheduler]       LaunchScreen.cpp:65    INFO| Load Manifests collect workload took 0.005588s
2026-01-31 15:38:24 [MainThread      ]  PlatformAnalytics.cpp:30    INFO| Initializing Analytics
2026-01-31 15:38:24 [LoadTaskScheduler]       AudioManager.cpp:631   INFO| AudioManager.Initialize
2026-01-31 15:38:24 [MainThread      ]  PlatformAnalytics.cpp:36    INFO| Done initializing Analytics: Disabled
2026-01-31 15:38:24 [MainThread      ]            Program.cpp:3457  INFO| Application Init+Load 2.089000
2026-01-31 15:38:24 [MainThread      ]            Program.cpp:3470  INFO| User Document Path found!!
2026-01-31 15:38:24 [MainThread      ]            Program.cpp:3488  INFO| Log file created
2026-01-31 15:38:24 [MainThread      ]            Program.cpp:3504  INFO| Data correctly read!!
2026-01-31 15:38:24 [MainThread      ]            Program.cpp:3146  INFO| Running on Wine
2026-01-31 15:38:24 [MainThread      ]        WindowsBase.cpp:1179  INFO| Application Init+Load 2.089000
2026-01-31 15:38:24 [MainThread      ]       SDL2_GamePad.cpp:117   INFO| DetectGamePadModel (Vendor ID: 0x45e, Product ID: 0x28f)
2026-01-31 15:38:24 [MainThread      ]       SDL2_GamePad.cpp:191   INFO| Falling back to SDL controller detection. Type: 1
2026-01-31 15:38:24 [MainThread      ]       SDL2_GamePad.cpp:431   INFO| Gamepad added: Index = 0, Name = Xbox 360 Controller, GUID = 0300fa67de280000ff11000000007801, JoystickInstanceId = 0
2026-01-31 15:38:24 [RenderThread    ]      ForgeRenderer.cpp:7034  INFO| Creating pipeline for effect: ShaderEffectType::DefaultBlank blend state 5 depthState 2
2026-01-31 15:38:24 [LoadTaskScheduler]       AudioManager.cpp:746   INFO| FMOD Default Rate 48000 Mode 0 Speakers 0 Software Channels: 64
2026-01-31 15:38:24 [LoadTaskScheduler]       AudioManager.cpp:753   INFO| FMOD changed to Rate: 48000 Mode: 3 Speakers: 2 Software Channels: 35
2026-01-31 15:38:24 [LoadTaskScheduler]       AudioManager.cpp:837   INFO| FMOD post init Rate 48000 Mode 3 Speakers 2
2026-01-31 15:38:24 [LoadTaskScheduler]       AudioManager.cpp:838   INFO| FMOD driver: PulseAudio Output
2026-01-31 15:38:24 [LoadTaskScheduler]       AudioManager.cpp:966   INFO| Loading bank: MasterBank
2026-01-31 15:38:24 [LoadTaskScheduler]       LaunchScreen.cpp:83    INFO| Load Manifests took 0.263637s
2026-01-31 15:38:24 [LoadTaskScheduler]       LaunchScreen.cpp:108   INFO| binkAtlases took 0.015064s
2026-01-31 15:38:24 [LoadTaskScheduler]   GameAssetManager.cpp:658   INFO| Loading package: GUI.pkg
2026-01-31 15:38:24 [LoadTaskScheduler]   GameAssetManager.cpp:571   INFO| Start reading manifest GUI
2026-01-31 15:38:24 [LoadTaskScheduler]   GameAssetManager.cpp:632   INFO| Done reading manifest GUI
2026-01-31 15:38:24 [LoadTaskScheduler]       AudioManager.cpp:981   INFO| Audio bank loaded successfully: MasterBank (5Mb in 0.05s)
2026-01-31 15:38:24 [LoadTaskScheduler]       AudioManager.cpp:966   INFO| Loading bank: MasterBank.strings
2026-01-31 15:38:24 [LoadTaskScheduler]       AudioManager.cpp:981   INFO| Audio bank loaded successfully: MasterBank.strings (0Mb in 0.04s)
2026-01-31 15:38:25 [LoadTaskScheduler]       AudioManager.cpp:966   INFO| Loading bank: Ambience
2026-01-31 15:38:25 [LoadTaskScheduler]       AudioManager.cpp:981   INFO| Audio bank loaded successfully: Ambience (77Mb in 0.04s)
2026-01-31 15:38:25 [LoadTaskScheduler]       AudioManager.cpp:966   INFO| Loading bank: Music
2026-01-31 15:38:25 [LoadTaskScheduler]       AudioManager.cpp:981   INFO| Audio bank loaded successfully: Music (731Mb in 0.05s)
2026-01-31 15:38:25 [LoadTaskScheduler]       AudioManager.cpp:1233  INFO| Voice bank loaded successfully: Melinoe (5264 lines in 0.035080 seconds)
2026-01-31 15:38:25 [LoadTaskScheduler]       AudioManager.cpp:1233  INFO| Voice bank loaded successfully: MelinoeField (4687 lines in 0.022363 seconds)
2026-01-31 15:38:25 [LoadTaskScheduler]       AudioManager.cpp:1233  INFO| Voice bank loaded successfully: Storyteller (423 lines in 0.002963 seconds)
2026-01-31 15:38:25 [LoadTaskScheduler]       AudioManager.cpp:1336  INFO| AudioManager categories loaded
2026-01-31 15:38:25 [LoadTaskScheduler]       AudioManager.cpp:870   INFO| AudioManager.FModStartup complete
2026-01-31 15:38:25 [LoadTaskScheduler]       AudioManager.cpp:576   INFO| Audio package version: 131167
2026-01-31 15:38:25 [LoadTaskScheduler]       AudioManager.cpp:656   INFO| AudioManager.Initialize complete
2026-01-31 15:38:25 [LoadTaskScheduler]       LaunchScreen.cpp:150   INFO| AudioManager::Initialize took 0.412652s
2026-01-31 15:38:25 [LoadTaskScheduler]    GameDataManager.cpp:1060  INFO| Data package version: 131167
2026-01-31 15:38:25 [LoadTaskScheduler]    GameDataManager.cpp:671   INFO| Reading game data from Z:\home\thegur23\Documents\Hades II\Content\Game
2026-01-31 15:38:25 [LoadTaskScheduler]    GameDataManager.cpp:1081  INFO| ReadUnitData took 0.007167 seconds
2026-01-31 15:38:25 [LoadTaskScheduler]    GameDataManager.cpp:1132  INFO| ReadWeaponData took 0.005079 seconds
2026-01-31 15:38:25 [LoadTaskScheduler]    GameDataManager.cpp:1137  INFO| Projectile took 0.029048 seconds
2026-01-31 15:38:25 [LoadTaskScheduler]    GameDataManager.cpp:1142  INFO| ReadObstacleData took 0.062025 seconds
2026-01-31 15:38:25 [LoadTaskScheduler]    GameDataManager.cpp:1147  INFO| Other Data took 0.013134 seconds
2026-01-31 15:38:25 [LoadTaskScheduler]    GameDataManager.cpp:1152  INFO| ReadAllGrannyFilePaths took 0.000047 seconds
2026-01-31 15:38:25 [LoadTaskScheduler]   GameAssetManager.cpp:687   INFO| Package Loaded: GUI 544Mb in 0.34s
2026-01-31 15:38:25 [LoadTaskScheduler]   GameAssetManager.cpp:658   INFO| Loading package: GUI_Mouse.pkg
2026-01-31 15:38:25 [LoadTaskScheduler]   GameAssetManager.cpp:571   INFO| Start reading manifest GUI_Mouse
2026-01-31 15:38:25 [LoadTaskScheduler]   GameAssetManager.cpp:632   INFO| Done reading manifest GUI_Mouse
2026-01-31 15:38:25 [LoadTaskScheduler]   GameAssetManager.cpp:687   INFO| Package Loaded: GUI_Mouse 0Mb in 0.00s
2026-01-31 15:38:25 [LoadTaskScheduler]   GameAssetManager.cpp:658   INFO| Loading package: Fx.pkg
2026-01-31 15:38:25 [LoadTaskScheduler]   GameAssetManager.cpp:571   INFO| Start reading manifest Fx
2026-01-31 15:38:25 [LoadTaskScheduler]   GameAssetManager.cpp:632   INFO| Done reading manifest Fx
2026-01-31 15:38:26 [LoadTaskScheduler]   GameAssetManager.cpp:687   INFO| Package Loaded: Fx 1245Mb in 0.77s
2026-01-31 15:38:26 [LoadTaskScheduler]   GameAssetManager.cpp:658   INFO| Loading package: ScriptsBase.pkg
2026-01-31 15:38:26 [LoadTaskScheduler]   GameAssetManager.cpp:571   INFO| Start reading manifest ScriptsBase
2026-01-31 15:38:26 [LoadTaskScheduler]   GameAssetManager.cpp:632   INFO| Done reading manifest ScriptsBase
2026-01-31 15:38:26 [LoadTaskScheduler]   GameAssetManager.cpp:687   INFO| Package Loaded: ScriptsBase 282Mb in 0.20s
2026-01-31 15:38:26 [LoadTaskScheduler]   GameAssetManager.cpp:658   INFO| Loading package: Melinoe.pkg
2026-01-31 15:38:26 [LoadTaskScheduler]   GameAssetManager.cpp:571   INFO| Start reading manifest Melinoe
2026-01-31 15:38:26 [LoadTaskScheduler]   GameAssetManager.cpp:632   INFO| Done reading manifest Melinoe
2026-01-31 15:38:26 [LoadTaskScheduler]   GameAssetManager.cpp:687   INFO| Package Loaded: Melinoe 54Mb in 0.04s
2026-01-31 15:38:26 [LoadTaskScheduler]       LaunchScreen.cpp:125   INFO| Load BasePackages took 1.403767
2026-01-31 15:38:26 [LoadTaskScheduler]    GameDataManager.cpp:1158  INFO| ReadAnimationData took 1.675937 seconds
2026-01-31 15:38:27 [LoadTaskScheduler]    GameDataManager.cpp:1163  INFO| ReadTextData took 0.115103 seconds
2026-01-31 15:38:27 [LoadTaskScheduler]    GameDataManager.cpp:1165  INFO| ReadGameData took 1.907574 seconds
2026-01-31 15:38:27 [LoadTaskScheduler]       AudioManager.cpp:966   INFO| Loading bank: GUI
2026-01-31 15:38:27 [LoadTaskScheduler]       AudioManager.cpp:981   INFO| Audio bank loaded successfully: GUI (4Mb in 0.03s)
2026-01-31 15:38:27 [LoadTaskScheduler]       AudioManager.cpp:966   INFO| Loading bank: Fx
2026-01-31 15:38:27 [LoadTaskScheduler]       AudioManager.cpp:981   INFO| Audio bank loaded successfully: Fx (21Mb in 0.04s)
2026-01-31 15:38:27 [LoadTaskScheduler]       AudioManager.cpp:966   INFO| Loading bank: ScriptsBase
2026-01-31 15:38:27 [LoadTaskScheduler]       AudioManager.cpp:981   INFO| Audio bank loaded successfully: ScriptsBase (19Mb in 0.05s)
2026-01-31 15:38:27 [LoadTaskScheduler]       AudioManager.cpp:966   INFO| Loading bank: Melinoe
2026-01-31 15:38:27 [LoadTaskScheduler]       AudioManager.cpp:981   INFO| Audio bank loaded successfully: Melinoe (0Mb in 0.04s)
2026-01-31 15:38:27 [LoadTaskScheduler]       LaunchScreen.cpp:195   INFO| Waiting for manifest and audio took 0.872418s
2026-01-31 15:38:27 [LoadTaskScheduler]       LaunchScreen.cpp:198   INFO| GameDataManager::MarkCachesPermanent took 0.023888s
2026-01-31 15:38:27 [MainThread      ]       LaunchScreen.cpp:381   INFO| Done with boot load in 4.594963s
2026-01-31 15:38:27 [MainThread      ]           InGameUI.cpp:69    INFO| InGameUI Construct
2026-01-31 15:38:27 [MainThread      ]           InGameUI.cpp:250   INFO| Watermark: v1.131346
2026-01-31 15:38:27 [MainThread      ]       LaunchScreen.cpp:679   INFO| Launch took 4.870637 seconds
2026-01-31 15:38:27 [MainThread      ]   GameAssetManager.cpp:658   INFO| Loading package: MainMenu.pkg
2026-01-31 15:38:27 [MainThread      ]   GameAssetManager.cpp:571   INFO| Start reading manifest MainMenu
2026-01-31 15:38:27 [MainThread      ]   GameAssetManager.cpp:632   INFO| Done reading manifest MainMenu
2026-01-31 15:38:27 [MainThread      ]   GameAssetManager.cpp:687   INFO| Package Loaded: MainMenu 65Mb in 0.03s
2026-01-31 15:38:27 [RenderThread    ]      ForgeRenderer.cpp:7034  INFO| Creating pipeline for effect: ShaderEffectType::DefaultBlank blend state 5 depthState 0
2026-01-31 15:38:27 [RenderThread    ]      ForgeRenderer.cpp:7034  INFO| Creating pipeline for effect: ShaderEffectType::Blit2DInv blend state 5 depthState 2
2026-01-31 15:38:27 [RenderThread    ]      ForgeRenderer.cpp:7034  INFO| Creating pipeline for effect: ShaderEffectType::YUVA blend state 1 depthState 2
2026-01-31 15:38:27 [RenderThread    ]      ForgeRenderer.cpp:7034  INFO| Creating pipeline for effect: ShaderEffectType::DistanceFieldText blend state 1 depthState 2
2026-01-31 15:38:29 [RenderThread    ]      ForgeRenderer.cpp:7034  INFO| Creating pipeline for effect: ShaderEffectType::DistanceFieldFancy blend state 1 depthState 2
2026-01-31 15:38:30 [MainThread      ]       SDL2_GamePad.cpp:522   INFO| Gamepad power level is: SDL_JOYSTICK_POWER_EMPTY ( <= 5), JoystickInstanceId = 0
2026-01-31 15:38:32 [LoadTaskScheduler]       PlatformFile.cpp:194   INFO| WindowsFile::DirectoryGetFiles(  C:\users\steamuser\Saved Games\Hades II  ,  , Profile*.sav  )
2026-01-31 15:38:32 [LoadTaskScheduler]    ProgressManager.cpp:946   INFO| ProgressManager.load Profile1.sav IPlatformSaveDevice
2026-01-31 15:38:32 [LoadTaskScheduler]       PCSaveDevice.cpp:321   INFO| Opened save file for reading: Profile1.sav
2026-01-31 15:38:32 [LoadTaskScheduler]     BinaryLoadData.cpp:12    INFO| Reading 302435 bytes
2026-01-31 15:38:32 [LoadTaskScheduler]     BinaryLoadData.cpp:35    INFO| Checksum expected = a9ef3416, was = a9ef3416
2026-01-31 15:38:32 [LoadTaskScheduler]    ProgressManager.cpp:988   INFO| Load succeeded
2026-01-31 15:38:32 [LoadTaskScheduler]    ProgressManager.cpp:946   INFO| ProgressManager.load Profile1.v.sav IPlatformSaveDevice
2026-01-31 15:38:32 [LoadTaskScheduler]       PCSaveDevice.cpp:321   INFO| Opened save file for reading: Profile1.v.sav
2026-01-31 15:38:32 [LoadTaskScheduler]     BinaryLoadData.cpp:12    INFO| Reading 9 bytes
2026-01-31 15:38:32 [LoadTaskScheduler]    ProgressManager.cpp:988   INFO| Load succeeded
2026-01-31 15:38:32 [LoadTaskScheduler]    ProgressManager.cpp:946   INFO| ProgressManager.load Profile1_Temp.sav IPlatformSaveDevice
2026-01-31 15:38:32 [LoadTaskScheduler]       PCSaveDevice.cpp:321   INFO| Opened save file for reading: Profile1_Temp.sav
2026-01-31 15:38:32 [LoadTaskScheduler]     BinaryLoadData.cpp:12    INFO| Reading 297799 bytes
2026-01-31 15:38:32 [LoadTaskScheduler]     BinaryLoadData.cpp:35    INFO| Checksum expected = 98f3ca2f, was = 98f3ca2f
2026-01-31 15:38:32 [LoadTaskScheduler]    ProgressManager.cpp:988   INFO| Load succeeded
2026-01-31 15:38:32 [MainThread      ] RemoteProfileScreen.cpp:629   INFO| ActiveProfile = Profile1
2026-01-31 15:38:32 [MainThread      ] RemoteProfileScreen.cpp:649   INFO| Profile1 == Profile1, ActiveProfile Index = 0
2026-01-31 15:38:32 [MainThread      ] RemoteProfileScreen.cpp:731   INFO| Finishing Creating Components For RemoteProfileScreen
2026-01-31 15:38:32 [LoadTaskScheduler] RemoteProfileScreen.cpp:69    INFO| SetupProfiles
2026-01-31 15:38:32 [LoadTaskScheduler]       PlatformFile.cpp:194   INFO| WindowsFile::DirectoryGetFiles(  C:\users\steamuser\Saved Games\Hades II  ,  , *.sjson  )
2026-01-31 15:38:32 [LoadTaskScheduler] RemoteProfileScreen.cpp:74    INFO| Total saves :3
2026-01-31 15:38:32 [LoadTaskScheduler]    ProgressManager.cpp:199   INFO| Getting Preferred Save
2026-01-31 15:38:32 [LoadTaskScheduler]    ProgressManager.cpp:207   INFO| MainSaveInfo
2026-01-31 15:38:32 [LoadTaskScheduler]    ProgressManager.cpp:214   INFO| tempSaveInfo
2026-01-31 15:38:32 [LoadTaskScheduler]    ProgressManager.cpp:221   INFO| mainSaveIndex >
2026-01-31 15:38:32 [LoadTaskScheduler] RemoteProfileScreen.cpp:83    INFO| localSaveFileName  :Profile1.sav
2026-01-31 15:38:32 [LoadTaskScheduler] RemoteProfileScreen.cpp:86    INFO| !saveFileName.empty()
2026-01-31 15:38:32 [LoadTaskScheduler] RemoteProfileScreen.cpp:89    INFO| mProfileButtons[0]->mDataValue: Profile1
2026-01-31 15:38:32 [LoadTaskScheduler]    ProgressManager.cpp:199   INFO| Getting Preferred Save
2026-01-31 15:38:32 [LoadTaskScheduler]    ProgressManager.cpp:207   INFO| MainSaveInfo
2026-01-31 15:38:32 [LoadTaskScheduler]    ProgressManager.cpp:214   INFO| tempSaveInfo
2026-01-31 15:38:32 [LoadTaskScheduler]    ProgressManager.cpp:221   INFO| mainSaveIndex >
2026-01-31 15:38:32 [LoadTaskScheduler]    ProgressManager.cpp:227   INFO| tempSaveIndex >
2026-01-31 15:38:32 [LoadTaskScheduler]    ProgressManager.cpp:247   INFO| mainSaveIndex >= 0
2026-01-31 15:38:32 [LoadTaskScheduler] RemoteProfileScreen.cpp:83    INFO| localSaveFileName  :
2026-01-31 15:38:32 [LoadTaskScheduler]    ProgressManager.cpp:199   INFO| Getting Preferred Save
2026-01-31 15:38:32 [LoadTaskScheduler]    ProgressManager.cpp:207   INFO| MainSaveInfo
2026-01-31 15:38:32 [LoadTaskScheduler]    ProgressManager.cpp:214   INFO| tempSaveInfo
2026-01-31 15:38:32 [LoadTaskScheduler]    ProgressManager.cpp:221   INFO| mainSaveIndex >
2026-01-31 15:38:32 [LoadTaskScheduler]    ProgressManager.cpp:227   INFO| tempSaveIndex >
2026-01-31 15:38:32 [LoadTaskScheduler]    ProgressManager.cpp:247   INFO| mainSaveIndex >= 0
2026-01-31 15:38:32 [LoadTaskScheduler] RemoteProfileScreen.cpp:83    INFO| localSaveFileName  :
2026-01-31 15:38:32 [LoadTaskScheduler]    ProgressManager.cpp:199   INFO| Getting Preferred Save
2026-01-31 15:38:32 [LoadTaskScheduler]    ProgressManager.cpp:207   INFO| MainSaveInfo
2026-01-31 15:38:32 [LoadTaskScheduler]    ProgressManager.cpp:214   INFO| tempSaveInfo
2026-01-31 15:38:32 [LoadTaskScheduler]    ProgressManager.cpp:221   INFO| mainSaveIndex >
2026-01-31 15:38:32 [LoadTaskScheduler]    ProgressManager.cpp:227   INFO| tempSaveIndex >
2026-01-31 15:38:32 [LoadTaskScheduler]    ProgressManager.cpp:247   INFO| mainSaveIndex >= 0
2026-01-31 15:38:32 [LoadTaskScheduler] RemoteProfileScreen.cpp:83    INFO| localSaveFileName  :
2026-01-31 15:38:32 [RenderThread    ]      ForgeRenderer.cpp:7034  INFO| Creating pipeline for effect: ShaderEffectType::AddColor blend state 1 depthState 2
2026-01-31 15:38:33 [MainThread      ] RemoteProfileScreen.cpp:828   INFO| Enter Profile Button
2026-01-31 15:38:34 [MainThread      ] RemoteProfileScreen.cpp:512   INFO| Enter StartOrContinueGame
2026-01-31 15:38:34 [MainThread      ] RemoteProfileScreen.cpp:531   INFO| loading CheckPoint
2026-01-31 15:38:34 [MainThread      ]    ProgressManager.cpp:1330  INFO| ProgressManager.load Profile1.sav IPlatformSaveDevice
2026-01-31 15:38:34 [SmallTaskScheduler]       PCSaveDevice.cpp:321   INFO| Opened save file for reading: Profile1.sav
2026-01-31 15:38:34 [SmallTaskScheduler]     BinaryLoadData.cpp:12    INFO| Reading 302435 bytes
2026-01-31 15:38:34 [SmallTaskScheduler]     BinaryLoadData.cpp:35    INFO| Checksum expected = a9ef3416, was = a9ef3416
2026-01-31 15:38:34 [MainThread      ]    ProgressManager.cpp:1396  INFO| Load succeeded
2026-01-31 15:38:34 [MainThread      ]                App.cpp:1628  INFO| App.Reset Start
2026-01-31 15:38:34 [MainThread      ]                 Pool.h:210   INFO| Projectile 0 / 217 (max 0) (594kb)
2026-01-31 15:38:34 [MainThread      ]                 Pool.h:210   INFO| HomingProjectile 0 / 108 (max 0) (297kb)
2026-01-31 15:38:34 [MainThread      ]                 Pool.h:210   INFO| BeamProjectile 0 / 81 (max 0) (225kb)
2026-01-31 15:38:34 [MainThread      ]                 Pool.h:210   INFO| LobProjectile 0 / 81 (max 0) (224kb)
2026-01-31 15:38:34 [MainThread      ]                 Pool.h:210   INFO| ArcProjectile 0 / 81 (max 0) (223kb)
2026-01-31 15:38:34 [MainThread      ]                 Pool.h:210   INFO| InstantProjectile 0 / 108 (max 0) (295kb)
2026-01-31 15:38:34 [MainThread      ]                 Pool.h:210   INFO| Effect 0 / 256 (max 0) (79kb)
2026-01-31 15:38:34 [MainThread      ]             LuaExt.cpp:576   INFO| Lua interface destroyed
2026-01-31 15:38:34 [MainThread      ]       AudioManager.cpp:356   INFO| AudioManager.reset
2026-01-31 15:38:34 [MainThread      ]       AudioManager.cpp:3765  INFO| AudioManager.reset, excludeId = -1, fullWipe = true
2026-01-31 15:38:34 [MainThread      ]   GameAssetManager.cpp:884   INFO| Unloading: Launch
2026-01-31 15:38:34 [MainThread      ]   GameAssetManager.cpp:889   INFO| 	Launch bank: 0.00 ms
2026-01-31 15:38:34 [MainThread      ]   GameAssetManager.cpp:896   INFO| 	Launch package: 0.03 ms
2026-01-31 15:38:34 [MainThread      ]   GameAssetManager.cpp:884   INFO| Unloading: MainMenu
2026-01-31 15:38:34 [MainThread      ]   GameAssetManager.cpp:889   INFO| 	MainMenu bank: 0.00 ms
2026-01-31 15:38:34 [MainThread      ]   GameAssetManager.cpp:896   INFO| 	MainMenu package: 0.46 ms
2026-01-31 15:38:34 [MainThread      ]     ProfileManager.cpp:46    INFO| Loading default profile C:\users\steamuser\Saved Games\Hades II Profile1
2026-01-31 15:38:34 [MainThread      ]     ProfileManager.cpp:192   INFO| ProfileManager::Load(): Profile1 
2026-01-31 15:38:34 [MainThread      ]       PCSaveDevice.cpp:321   INFO| Opened save file for reading: Profile1.sjson
2026-01-31 15:38:34 [MainThread      ]      ConfigOptions.cpp:781   INFO| ConfigOption: BackupSaveCount = 1
2026-01-31 15:38:34 [MainThread      ]      ConfigOptions.cpp:774   INFO| ConfigOption: UseAnalytics = false
2026-01-31 15:38:34 [MainThread      ]      ConfigOptions.cpp:774   INFO| ConfigOption: ValidCheckpoint = false
2026-01-31 15:38:34 [MainThread      ]      ConfigOptions.cpp:781   INFO| ConfigOption: CurrentSettingsCategory = 256
2026-01-31 15:38:34 [MainThread      ]     ProfileManager.cpp:223   INFO| Load profile Profile1.sjson successful
2026-01-31 15:38:34 [MainThread      ]       PCSaveDevice.cpp:321   INFO| Opened save file for reading: GlobalSettingsWin.sjson
2026-01-31 15:38:34 [MainThread      ]      ConfigOptions.cpp:807   INFO| ConfigOption: GraphicsQualityPreset = GraphicsQualityPreset_High
2026-01-31 15:38:34 [MainThread      ]      ConfigOptions.cpp:781   INFO| ConfigOption: NewUpdateSoundRevisionViewed = 131346
2026-01-31 15:38:34 [MainThread      ]      ConfigOptions.cpp:781   INFO| ConfigOption: LastRoadmapRevisionViewed = 131346
2026-01-31 15:38:34 [MainThread      ]      ConfigOptions.cpp:781   INFO| ConfigOption: LastPatchNoteRevisionViewed = 131346
2026-01-31 15:38:34 [MainThread      ]      ConfigOptions.cpp:774   INFO| ConfigOption: FullScreen = true
2026-01-31 15:38:34 [MainThread      ]      ConfigOptions.cpp:781   INFO| ConfigOption: Y = 2160
2026-01-31 15:38:34 [MainThread      ]      ConfigOptions.cpp:781   INFO| ConfigOption: X = 3840
2026-01-31 15:38:34 [MainThread      ]      ConfigOptions.cpp:774   INFO| ConfigOption: VSync = false
2026-01-31 15:38:34 [MainThread      ]      ConfigOptions.cpp:774   INFO| ConfigOption: AutoDetectLowResAssets = false
2026-01-31 15:38:34 [MainThread      ]     ProfileManager.cpp:223   INFO| Load profile GlobalSettingsWin.sjson successful
2026-01-31 15:38:34 [MainThread      ]     BinarySaveData.cpp:42    INFO| PrepareForWrite dataSize = 16 bytes
2026-01-31 15:38:34 [MainThread      ]     BinarySaveData.cpp:17    INFO| Writing 16 bytes
2026-01-31 15:38:34 [MainThread      ]      ConfigOptions.cpp:363   INFO| Set GraphicsQualityPreset: GraphicsQualityPreset_High
2026-01-31 15:38:34 [MainThread      ]                App.cpp:1704  INFO| App.Reset Finished
2026-01-31 15:38:34 [MainThread      ]              World.cpp:1373  INFO| World::Begin()  -> Hub_Main
2026-01-31 15:38:34 [MainThread      ]                 Pool.h:210   INFO| Projectile 0 / 217 (max 0) (594kb)
2026-01-31 15:38:34 [MainThread      ]                 Pool.h:210   INFO| HomingProjectile 0 / 108 (max 0) (297kb)
2026-01-31 15:38:34 [MainThread      ]                 Pool.h:210   INFO| BeamProjectile 0 / 81 (max 0) (225kb)
2026-01-31 15:38:34 [MainThread      ]                 Pool.h:210   INFO| LobProjectile 0 / 81 (max 0) (224kb)
2026-01-31 15:38:34 [MainThread      ]                 Pool.h:210   INFO| ArcProjectile 0 / 81 (max 0) (223kb)
2026-01-31 15:38:34 [MainThread      ]                 Pool.h:210   INFO| InstantProjectile 0 / 108 (max 0) (295kb)
2026-01-31 15:38:34 [MainThread      ]                 Pool.h:210   INFO| Effect 0 / 256 (max 0) (79kb)
2026-01-31 15:38:34 [MainThread      ]              World.cpp:1435  INFO| Finished World::Begin (0.004983 seconds)
2026-01-31 15:38:34 [LoadTaskScheduler]              World.cpp:1263  INFO| Started loadMapDataTask (Hub_Main)
2026-01-31 15:38:34 [LoadTaskScheduler]              World.cpp:1298  INFO| Started preScriptLoadTask
2026-01-31 15:38:34 [LoadTaskScheduler]     BinaryLoadData.cpp:12    INFO| Reading 1288800 bytes
2026-01-31 15:38:34 [LoadTaskScheduler]              World.cpp:1292  INFO| Finished loadMapDataTask (0.025027 seconds)
2026-01-31 15:38:34 [LoadTaskScheduler]              World.cpp:1313  INFO| Started loadPackagesTask
2026-01-31 15:38:34 [LoadTaskScheduler]   GameAssetManager.cpp:658   INFO| Loading package: BiomeHub.pkg
2026-01-31 15:38:34 [LoadTaskScheduler]   GameAssetManager.cpp:571   INFO| Start reading manifest BiomeHub
2026-01-31 15:38:34 [LoadTaskScheduler]    ProgressManager.cpp:1257  INFO| ProgressManager::LoadLua 302216 -> 1256285 4.156911 : 0.026210 s
2026-01-31 15:38:34 [LoadTaskScheduler]              World.cpp:1304  INFO| Finished preScriptLoadTask (0.026249 seconds)
2026-01-31 15:38:34 [LoadTaskScheduler]              World.cpp:1324  INFO| Started postLoadTask
2026-01-31 15:38:34 [LoadTaskScheduler]   GameAssetManager.cpp:632   INFO| Done reading manifest BiomeHub
2026-01-31 15:38:35 [LoadTaskScheduler]   GameAssetManager.cpp:687   INFO| Package Loaded: BiomeHub 510Mb in 0.40s
2026-01-31 15:38:35 [LoadTaskScheduler]       AudioManager.cpp:966   INFO| Loading bank: BiomeHub
2026-01-31 15:38:35 [LoadTaskScheduler]       AudioManager.cpp:981   INFO| Audio bank loaded successfully: BiomeHub (13Mb in 0.03s)
2026-01-31 15:38:35 [LoadTaskScheduler]              World.cpp:1317  INFO| Finished loadPackagesTask (0.466926 seconds)
2026-01-31 15:38:35 [LoadTaskScheduler]              World.cpp:1334  INFO| Done waiting for packages and pre-scripts task
2026-01-31 15:38:35 [LoadTaskScheduler]              World.cpp:1341  INFO| Calling PostLoad
2026-01-31 15:38:35 [LoadTaskScheduler]   GameAssetManager.cpp:658   INFO| Loading package: PolecatFamiliar.pkg
2026-01-31 15:38:35 [LoadTaskScheduler]   GameAssetManager.cpp:687   INFO| Package Loaded: PolecatFamiliar 1Mb in 0.00s
2026-01-31 15:38:35 [LoadTaskScheduler]   GameAssetManager.cpp:658   INFO| Loading package: HoundFamiliar.pkg
2026-01-31 15:38:35 [LoadTaskScheduler]   GameAssetManager.cpp:687   INFO| Package Loaded: HoundFamiliar 2Mb in 0.00s
2026-01-31 15:38:35 [LoadTaskScheduler]   GameAssetManager.cpp:658   INFO| Loading package: FrogFamiliar.pkg
2026-01-31 15:38:35 [LoadTaskScheduler]   GameAssetManager.cpp:687   INFO| Package Loaded: FrogFamiliar 2Mb in 0.00s
2026-01-31 15:38:35 [LoadTaskScheduler]       AudioManager.cpp:966   INFO| Loading bank: PolecatFamiliar
2026-01-31 15:38:35 [LoadTaskScheduler]       AudioManager.cpp:981   INFO| Audio bank loaded successfully: PolecatFamiliar (0Mb in 0.03s)
2026-01-31 15:38:35 [LoadTaskScheduler]       AudioManager.cpp:966   INFO| Loading bank: HoundFamiliar
2026-01-31 15:38:35 [LoadTaskScheduler]       AudioManager.cpp:981   INFO| Audio bank loaded successfully: HoundFamiliar (0Mb in 0.05s)
2026-01-31 15:38:35 [LoadTaskScheduler]       AudioManager.cpp:966   INFO| Loading bank: FrogFamiliar
2026-01-31 15:38:35 [LoadTaskScheduler]       AudioManager.cpp:981   INFO| Audio bank loaded successfully: FrogFamiliar (0Mb in 0.04s)
2026-01-31 15:38:35 [LoadTaskScheduler]              World.cpp:1343  INFO| Finished PostLoad
2026-01-31 15:38:35 [LoadTaskScheduler]              World.cpp:1348  INFO| Finished postLoadTask (0.668789 seconds)
2026-01-31 15:38:35 [MainThread      ]              World.cpp:1359  INFO| Started loadScreen onExit
2026-01-31 15:38:35 [MainThread      ]      ScriptManager.cpp:1001  INFO| Lua GC took 0.05 seconds
2026-01-31 15:38:35 [MainThread      ]       AudioManager.cpp:1233  INFO| Voice bank loaded successfully: Hades (322 lines in 0.006592 seconds)
2026-01-31 15:38:35 [MainThread      ]   GameAssetManager.cpp:658   INFO| Loading package: WeaponBlink.pkg
2026-01-31 15:38:35 [MainThread      ]   GameAssetManager.cpp:571   INFO| Start reading manifest WeaponBlink
2026-01-31 15:38:35 [MainThread      ]   GameAssetManager.cpp:632   INFO| Done reading manifest WeaponBlink
2026-01-31 15:38:35 [MainThread      ]   GameAssetManager.cpp:687   INFO| Package Loaded: WeaponBlink 2Mb in 0.00s
2026-01-31 15:38:35 [MainThread      ]       AudioManager.cpp:966   INFO| Loading bank: WeaponBlink
2026-01-31 15:38:35 [MainThread      ]       AudioManager.cpp:981   INFO| Audio bank loaded successfully: WeaponBlink (0Mb in 0.04s)
2026-01-31 15:38:35 [MainThread      ]   GameAssetManager.cpp:658   INFO| Loading package: WeaponCast.pkg
2026-01-31 15:38:35 [MainThread      ]   GameAssetManager.cpp:571   INFO| Start reading manifest WeaponCast
2026-01-31 15:38:35 [MainThread      ]   GameAssetManager.cpp:632   INFO| Done reading manifest WeaponCast
2026-01-31 15:38:35 [MainThread      ]   GameAssetManager.cpp:687   INFO| Package Loaded: WeaponCast 36Mb in 0.02s
2026-01-31 15:38:35 [MainThread      ]       AudioManager.cpp:966   INFO| Loading bank: WeaponCast
2026-01-31 15:38:35 [MainThread      ]       AudioManager.cpp:981   INFO| Audio bank loaded successfully: WeaponCast (0Mb in 0.04s)
2026-01-31 15:38:35 [MainThread      ]   GameAssetManager.cpp:658   INFO| Loading package: WeaponAxe.pkg
2026-01-31 15:38:35 [MainThread      ]   GameAssetManager.cpp:571   INFO| Start reading manifest WeaponAxe
2026-01-31 15:38:35 [MainThread      ]   GameAssetManager.cpp:632   INFO| Done reading manifest WeaponAxe
2026-01-31 15:38:35 [MainThread      ]   GameAssetManager.cpp:687   INFO| Package Loaded: WeaponAxe 13Mb in 0.01s
2026-01-31 15:38:35 [MainThread      ]       AudioManager.cpp:966   INFO| Loading bank: WeaponAxe
2026-01-31 15:38:35 [MainThread      ]       AudioManager.cpp:981   INFO| Audio bank loaded successfully: WeaponAxe (0Mb in 0.03s)
2026-01-31 15:38:35 [MainThread      ]   GameAssetManager.cpp:658   INFO| Loading package: Moros.pkg
2026-01-31 15:38:35 [MainThread      ]   GameAssetManager.cpp:571   INFO| Start reading manifest Moros
2026-01-31 15:38:35 [MainThread      ]   GameAssetManager.cpp:632   INFO| Done reading manifest Moros
2026-01-31 15:38:35 [MainThread      ]   GameAssetManager.cpp:687   INFO| Package Loaded: Moros 53Mb in 0.03s
2026-01-31 15:38:35 [MainThread      ]       AudioManager.cpp:1233  INFO| Voice bank loaded successfully: Hecate (792 lines in 0.004683 seconds)
2026-01-31 15:38:35 [MainThread      ]   GameAssetManager.cpp:658   INFO| Loading package: Hecate.pkg
2026-01-31 15:38:35 [MainThread      ]   GameAssetManager.cpp:571   INFO| Start reading manifest Hecate
2026-01-31 15:38:35 [MainThread      ]   GameAssetManager.cpp:632   INFO| Done reading manifest Hecate
2026-01-31 15:38:36 [MainThread      ]   GameAssetManager.cpp:687   INFO| Package Loaded: Hecate 53Mb in 0.04s
2026-01-31 15:38:36 [MainThread      ]       AudioManager.cpp:1233  INFO| Voice bank loaded successfully: Odysseus (586 lines in 0.004911 seconds)
2026-01-31 15:38:36 [MainThread      ]   GameAssetManager.cpp:658   INFO| Loading package: Odysseus.pkg
2026-01-31 15:38:36 [MainThread      ]   GameAssetManager.cpp:571   INFO| Start reading manifest Odysseus
2026-01-31 15:38:36 [MainThread      ]   GameAssetManager.cpp:632   INFO| Done reading manifest Odysseus
2026-01-31 15:38:36 [MainThread      ]   GameAssetManager.cpp:687   INFO| Package Loaded: Odysseus 53Mb in 0.04s
2026-01-31 15:38:36 [MainThread      ]       AudioManager.cpp:1233  INFO| Voice bank loaded successfully: Nemesis (414 lines in 0.003821 seconds)
2026-01-31 15:38:36 [MainThread      ]   GameAssetManager.cpp:658   INFO| Loading package: Nemesis.pkg
2026-01-31 15:38:36 [MainThread      ]   GameAssetManager.cpp:571   INFO| Start reading manifest Nemesis
2026-01-31 15:38:36 [MainThread      ]   GameAssetManager.cpp:632   INFO| Done reading manifest Nemesis
2026-01-31 15:38:36 [MainThread      ]   GameAssetManager.cpp:687   INFO| Package Loaded: Nemesis 48Mb in 0.05s
2026-01-31 15:38:36 [MainThread      ]       AudioManager.cpp:1233  INFO| Voice bank loaded successfully: Hypnos (46 lines in 0.002192 seconds)
2026-01-31 15:38:36 [MainThread      ]   GameAssetManager.cpp:658   INFO| Loading package: Hypnos.pkg
2026-01-31 15:38:36 [MainThread      ]   GameAssetManager.cpp:571   INFO| Start reading manifest Hypnos
2026-01-31 15:38:36 [MainThread      ]   GameAssetManager.cpp:632   INFO| Done reading manifest Hypnos
2026-01-31 15:38:36 [MainThread      ]   GameAssetManager.cpp:687   INFO| Package Loaded: Hypnos 56Mb in 0.05s
2026-01-31 15:38:36 [MainThread      ]       AudioManager.cpp:1233  INFO| Voice bank loaded successfully: Dora (640 lines in 0.003849 seconds)
2026-01-31 15:38:36 [MainThread      ]   GameAssetManager.cpp:658   INFO| Loading package: Dora.pkg
2026-01-31 15:38:36 [MainThread      ]   GameAssetManager.cpp:571   INFO| Start reading manifest Dora
2026-01-31 15:38:36 [MainThread      ]   GameAssetManager.cpp:632   INFO| Done reading manifest Dora
2026-01-31 15:38:36 [MainThread      ]   GameAssetManager.cpp:687   INFO| Package Loaded: Dora 36Mb in 0.02s
2026-01-31 15:38:36 [MainThread      ]              World.cpp:1366  INFO| Finished loadScreen onExit (0.511289 seconds)
2026-01-31 15:38:36 [RenderThread    ]      ForgeRenderer.cpp:7034  INFO| Creating pipeline for effect: ShaderEffectType::ZOnly blend state 1 depthState 4
2026-01-31 15:38:36 [RenderThread    ]      ForgeRenderer.cpp:7034  INFO| Creating pipeline for effect: ShaderEffectType::ShadowMap blend state 5 depthState 2
2026-01-31 15:38:36 [RenderThread    ]      ForgeRenderer.cpp:7034  INFO| Creating pipeline for effect: ShaderEffectType::Lighting3DFast blend state 1 depthState 0
2026-01-31 15:38:36 [RenderThread    ]      ForgeRenderer.cpp:7034  INFO| Creating pipeline for effect: ShaderEffectType::LighterColor2D blend state 5 depthState 0
2026-01-31 15:38:36 [RenderThread    ]      ForgeRenderer.cpp:7034  INFO| Creating pipeline for effect: ShaderEffectType::Overlay2D blend state 5 depthState 0
2026-01-31 15:38:36 [RenderThread    ]      ForgeRenderer.cpp:7034  INFO| Creating pipeline for effect: ShaderEffectType::Light blend state 7 depthState 0
2026-01-31 15:38:36 [RenderThread    ]      ForgeRenderer.cpp:7034  INFO| Creating pipeline for effect: ShaderEffectType::Blit2D blend state 7 depthState 2
2026-01-31 15:38:36 [RenderThread    ]      ForgeRenderer.cpp:7034  INFO| Creating pipeline for effect: ShaderEffectType::AddColor blend state 1 depthState 0
2026-01-31 15:38:36 [RenderThread    ]      ForgeRenderer.cpp:7034  INFO| Creating pipeline for effect: ShaderEffectType::Lighting3DFast blend state 0 depthState 0
2026-01-31 15:38:36 [RenderThread    ]      ForgeRenderer.cpp:7034  INFO| Creating pipeline for effect: ShaderEffectType::Lighting3DFast blend state 8 depthState 0
2026-01-31 15:38:36 [RenderThread    ]      ForgeRenderer.cpp:7034  INFO| Creating pipeline for effect: ShaderEffectType::ColorGrading blend state 5 depthState 2
2026-01-31 15:38:36 [RenderThread    ]      ForgeRenderer.cpp:7034  INFO| Creating pipeline for effect: ShaderEffectType::GaussianBlurWithBloomExtract blend state 5 depthState 2
2026-01-31 15:38:36 [RenderThread    ]      ForgeRenderer.cpp:7034  INFO| Creating pipeline for effect: ShaderEffectType::GaussianBlur blend state 5 depthState 2
2026-01-31 15:38:36 [RenderThread    ]      ForgeRenderer.cpp:7034  INFO| Creating pipeline for effect: ShaderEffectType::BloomCombine blend state 5 depthState 2
2026-01-31 15:38:36 [RenderThread    ]      ForgeRenderer.cpp:7034  INFO| Creating pipeline for effect: ShaderEffectType::Granny3D blend state 1 depthState 3
2026-01-31 15:38:36 [RenderThread    ]      ForgeRenderer.cpp:7034  INFO| Creating pipeline for effect: ShaderEffectType::LightAndShadow blend state 7 depthState 0
2026-01-31 15:38:36 [RenderThread    ]      ForgeRenderer.cpp:7034  INFO| Creating pipeline for effect: ShaderEffectType::Shadow3D blend state 5 depthState 2
2026-01-31 15:38:36 [RenderThread    ]      ForgeRenderer.cpp:7034  INFO| Creating pipeline for effect: ShaderEffectType::ShadowCast3D blend state 1 depthState 2
2026-01-31 15:38:36 [RenderThread    ]      ForgeRenderer.cpp:7034  INFO| Creating pipeline for effect: ShaderEffectType::Granny3DSprite blend state 1 depthState 2
2026-01-31 15:38:40 [RenderThread    ]      ForgeRenderer.cpp:7034  INFO| Creating pipeline for effect: ShaderEffectType::AddColor blend state 0 depthState 0
2026-01-31 15:38:42 [RenderThread    ]      ForgeRenderer.cpp:7034  INFO| Creating pipeline for effect: ShaderEffectType::AddColor blend state 8 depthState 0
2026-01-31 15:38:43 [RenderThread    ]      ForgeRenderer.cpp:7034  INFO| Creating pipeline for effect: ShaderEffectType::DistanceFieldFancy blend state 1 depthState 0
2026-01-31 15:39:11 [RenderThread    ]      ForgeRenderer.cpp:7034  INFO| Creating pipeline for effect: ShaderEffectType::DistanceFieldText blend state 1 depthState 0
2026-01-31 15:39:11 [RenderThread    ]      ForgeRenderer.cpp:7034  INFO| Creating pipeline for effect: ShaderEffectType::YUVA blend state 0 depthState 0
2026-01-31 15:39:26 [RenderThread    ]      ForgeRenderer.cpp:7034  INFO| Creating pipeline for effect: ShaderEffectType::Displacement2D blend state 5 depthState 0
2026-01-31 15:39:27 [RenderThread    ]      ForgeRenderer.cpp:7034  INFO| Creating pipeline for effect: ShaderEffectType::YUVA blend state 1 depthState 0
2026-01-31 15:39:32 [MainThread      ]              World.cpp:1447  INFO| World::Stop()
2026-01-31 15:39:35 [MainThread      ]     ProfileManager.cpp:145   INFO| saveProfile()
2026-01-31 15:39:35 [SmallTaskScheduler]     ProfileManager.cpp:96    INFO| beginning profile write
2026-01-31 15:39:35 [SmallTaskScheduler]     ProfileManager.cpp:126   INFO| profile write done
2026-01-31 15:39:36 [MainThread      ]       AudioManager.cpp:356   INFO| AudioManager.reset
2026-01-31 15:39:36 [MainThread      ]       AudioManager.cpp:3765  INFO| AudioManager.reset, excludeId = -1, fullWipe = true
2026-01-31 15:39:36 [MainThread      ]     ProfileManager.cpp:145   INFO| saveProfile()
2026-01-31 15:39:36 [SmallTaskScheduler]     ProfileManager.cpp:96    INFO| beginning profile write
2026-01-31 15:39:36 [MainThread      ]                 Pool.h:210   INFO| Projectile 0 / 217 (max 1) (594kb)
2026-01-31 15:39:36 [MainThread      ]                 Pool.h:210   INFO| HomingProjectile 0 / 108 (max 0) (297kb)
2026-01-31 15:39:36 [MainThread      ]                 Pool.h:210   INFO| BeamProjectile 0 / 81 (max 0) (225kb)
2026-01-31 15:39:36 [MainThread      ]                 Pool.h:210   INFO| LobProjectile 0 / 81 (max 0) (224kb)
2026-01-31 15:39:36 [MainThread      ]                 Pool.h:210   INFO| ArcProjectile 0 / 81 (max 0) (223kb)
2026-01-31 15:39:36 [MainThread      ]                 Pool.h:210   INFO| InstantProjectile 0 / 108 (max 0) (295kb)
2026-01-31 15:39:36 [SmallTaskScheduler]     ProfileManager.cpp:126   INFO| profile write done
2026-01-31 15:39:36 [MainThread      ]                 Pool.h:210   INFO| Effect 0 / 256 (max 8) (79kb)
2026-01-31 15:39:36 [MainThread      ]   GameAssetManager.cpp:884   INFO| Unloading: WeaponBlink
2026-01-31 15:39:36 [MainThread      ]   GameAssetManager.cpp:889   INFO| 	WeaponBlink bank: 0.00 ms
2026-01-31 15:39:36 [MainThread      ]   GameAssetManager.cpp:896   INFO| 	WeaponBlink package: 0.14 ms
2026-01-31 15:39:36 [MainThread      ]   GameAssetManager.cpp:884   INFO| Unloading: WeaponCast
2026-01-31 15:39:36 [MainThread      ]   GameAssetManager.cpp:889   INFO| 	WeaponCast bank: 0.00 ms
2026-01-31 15:39:36 [MainThread      ]   GameAssetManager.cpp:896   INFO| 	WeaponCast package: 1.31 ms
2026-01-31 15:39:36 [MainThread      ]   GameAssetManager.cpp:884   INFO| Unloading: WeaponAxe
2026-01-31 15:39:36 [MainThread      ]   GameAssetManager.cpp:889   INFO| 	WeaponAxe bank: 0.00 ms
2026-01-31 15:39:36 [MainThread      ]   GameAssetManager.cpp:896   INFO| 	WeaponAxe package: 0.54 ms
2026-01-31 15:39:36 [MainThread      ]   GameAssetManager.cpp:658   INFO| Loading package: MainMenu.pkg
2026-01-31 15:39:36 [MainThread      ]   GameAssetManager.cpp:571   INFO| Start reading manifest MainMenu
2026-01-31 15:39:36 [MainThread      ]   GameAssetManager.cpp:632   INFO| Done reading manifest MainMenu
2026-01-31 15:39:36 [MainThread      ]   GameAssetManager.cpp:687   INFO| Package Loaded: MainMenu 65Mb in 0.06s
2026-01-31 15:39:42 [MainThread      ]         Resolution.cpp:160   INFO| Monitor modes:
2026-01-31 15:39:47 [MainThread      ]      ForgeRenderer.cpp:2592  INFO| ForgeRenderer::Unload
2026-01-31 15:39:47 [MainThread      ]      ForgeRenderer.cpp:2512  INFO| ForgeRenderer::Load
2026-01-31 15:39:47 [MainThread      ]                App.cpp:333   INFO| App.resize 1920x1080 Fullscreen
2026-01-31 15:39:47 [MainThread      ]         Resolution.cpp:93    INFO| ____________________________________Resolution::Resize __________________
2026-01-31 15:39:47 [MainThread      ]         Resolution.cpp:94    INFO| VIEWPORT: X: 0  Y: 0 W: 1920 H: 1080
2026-01-31 15:39:47 [MainThread      ]         Resolution.cpp:95    INFO| SCALE: X: 1.000000 Y: 1.000000
2026-01-31 15:39:47 [MainThread      ]         Resolution.cpp:96    INFO| FULL_VIEWPORT: X: 0  Y: 0 W: 1920 H: 1080
2026-01-31 15:39:47 [MainThread      ]         Resolution.cpp:97    INFO| ____________________________________Resolution::Resize__________________
2026-01-31 15:39:47 [MainThread      ]     ProfileManager.cpp:145   INFO| saveProfile()
2026-01-31 15:39:47 [SmallTaskScheduler]     ProfileManager.cpp:96    INFO| beginning profile write
2026-01-31 15:39:47 [SmallTaskScheduler]     ProfileManager.cpp:126   INFO| profile write done
2026-01-31 15:39:50 [MainThread      ]     ProfileManager.cpp:145   INFO| saveProfile()
2026-01-31 15:39:50 [SmallTaskScheduler]     ProfileManager.cpp:96    INFO| beginning profile write
2026-01-31 15:39:50 [SmallTaskScheduler]     ProfileManager.cpp:126   INFO| profile write done
2026-01-31 15:39:51 [LoadTaskScheduler]       PlatformFile.cpp:194   INFO| WindowsFile::DirectoryGetFiles(  C:\users\steamuser\Saved Games\Hades II  ,  , Profile*.sav  )
2026-01-31 15:39:51 [LoadTaskScheduler]    ProgressManager.cpp:946   INFO| ProgressManager.load Profile1.sav IPlatformSaveDevice
2026-01-31 15:39:51 [LoadTaskScheduler]       PCSaveDevice.cpp:321   INFO| Opened save file for reading: Profile1.sav
2026-01-31 15:39:51 [LoadTaskScheduler]     BinaryLoadData.cpp:12    INFO| Reading 302435 bytes
2026-01-31 15:39:51 [LoadTaskScheduler]     BinaryLoadData.cpp:35    INFO| Checksum expected = a9ef3416, was = a9ef3416
2026-01-31 15:39:51 [LoadTaskScheduler]    ProgressManager.cpp:988   INFO| Load succeeded
2026-01-31 15:39:51 [LoadTaskScheduler]    ProgressManager.cpp:946   INFO| ProgressManager.load Profile1.v.sav IPlatformSaveDevice
2026-01-31 15:39:51 [LoadTaskScheduler]       PCSaveDevice.cpp:321   INFO| Opened save file for reading: Profile1.v.sav
2026-01-31 15:39:51 [LoadTaskScheduler]     BinaryLoadData.cpp:12    INFO| Reading 9 bytes
2026-01-31 15:39:51 [LoadTaskScheduler]    ProgressManager.cpp:988   INFO| Load succeeded
2026-01-31 15:39:51 [LoadTaskScheduler]    ProgressManager.cpp:946   INFO| ProgressManager.load Profile1_Temp.sav IPlatformSaveDevice
2026-01-31 15:39:51 [LoadTaskScheduler]       PCSaveDevice.cpp:321   INFO| Opened save file for reading: Profile1_Temp.sav
2026-01-31 15:39:51 [LoadTaskScheduler]     BinaryLoadData.cpp:12    INFO| Reading 297799 bytes
2026-01-31 15:39:51 [LoadTaskScheduler]     BinaryLoadData.cpp:35    INFO| Checksum expected = 98f3ca2f, was = 98f3ca2f
2026-01-31 15:39:51 [LoadTaskScheduler]    ProgressManager.cpp:988   INFO| Load succeeded
2026-01-31 15:39:51 [MainThread      ] RemoteProfileScreen.cpp:629   INFO| ActiveProfile = Profile1
2026-01-31 15:39:51 [MainThread      ] RemoteProfileScreen.cpp:649   INFO| Profile1 == Profile1, ActiveProfile Index = 0
2026-01-31 15:39:51 [MainThread      ] RemoteProfileScreen.cpp:731   INFO| Finishing Creating Components For RemoteProfileScreen
2026-01-31 15:39:51 [LoadTaskScheduler] RemoteProfileScreen.cpp:69    INFO| SetupProfiles
2026-01-31 15:39:51 [LoadTaskScheduler]       PlatformFile.cpp:194   INFO| WindowsFile::DirectoryGetFiles(  C:\users\steamuser\Saved Games\Hades II  ,  , *.sjson  )
2026-01-31 15:39:51 [LoadTaskScheduler] RemoteProfileScreen.cpp:74    INFO| Total saves :3
2026-01-31 15:39:51 [LoadTaskScheduler]    ProgressManager.cpp:199   INFO| Getting Preferred Save
2026-01-31 15:39:51 [LoadTaskScheduler]    ProgressManager.cpp:207   INFO| MainSaveInfo
2026-01-31 15:39:51 [LoadTaskScheduler]    ProgressManager.cpp:214   INFO| tempSaveInfo
2026-01-31 15:39:51 [LoadTaskScheduler]    ProgressManager.cpp:221   INFO| mainSaveIndex >
2026-01-31 15:39:51 [LoadTaskScheduler] RemoteProfileScreen.cpp:83    INFO| localSaveFileName  :Profile1.sav
2026-01-31 15:39:51 [LoadTaskScheduler] RemoteProfileScreen.cpp:86    INFO| !saveFileName.empty()
2026-01-31 15:39:51 [LoadTaskScheduler] RemoteProfileScreen.cpp:89    INFO| mProfileButtons[0]->mDataValue: Profile1
2026-01-31 15:39:51 [LoadTaskScheduler]    ProgressManager.cpp:199   INFO| Getting Preferred Save
2026-01-31 15:39:51 [LoadTaskScheduler]    ProgressManager.cpp:207   INFO| MainSaveInfo
2026-01-31 15:39:51 [LoadTaskScheduler]    ProgressManager.cpp:214   INFO| tempSaveInfo
2026-01-31 15:39:51 [LoadTaskScheduler]    ProgressManager.cpp:221   INFO| mainSaveIndex >
2026-01-31 15:39:51 [LoadTaskScheduler]    ProgressManager.cpp:227   INFO| tempSaveIndex >
2026-01-31 15:39:51 [LoadTaskScheduler]    ProgressManager.cpp:247   INFO| mainSaveIndex >= 0
2026-01-31 15:39:51 [LoadTaskScheduler] RemoteProfileScreen.cpp:83    INFO| localSaveFileName  :
2026-01-31 15:39:51 [LoadTaskScheduler]    ProgressManager.cpp:199   INFO| Getting Preferred Save
2026-01-31 15:39:51 [LoadTaskScheduler]    ProgressManager.cpp:207   INFO| MainSaveInfo
2026-01-31 15:39:51 [LoadTaskScheduler]    ProgressManager.cpp:214   INFO| tempSaveInfo
2026-01-31 15:39:51 [LoadTaskScheduler]    ProgressManager.cpp:221   INFO| mainSaveIndex >
2026-01-31 15:39:51 [LoadTaskScheduler]    ProgressManager.cpp:227   INFO| tempSaveIndex >
2026-01-31 15:39:51 [LoadTaskScheduler]    ProgressManager.cpp:247   INFO| mainSaveIndex >= 0
2026-01-31 15:39:51 [LoadTaskScheduler] RemoteProfileScreen.cpp:83    INFO| localSaveFileName  :
2026-01-31 15:39:51 [LoadTaskScheduler]    ProgressManager.cpp:199   INFO| Getting Preferred Save
2026-01-31 15:39:51 [LoadTaskScheduler]    ProgressManager.cpp:207   INFO| MainSaveInfo
2026-01-31 15:39:51 [LoadTaskScheduler]    ProgressManager.cpp:214   INFO| tempSaveInfo
2026-01-31 15:39:51 [LoadTaskScheduler]    ProgressManager.cpp:221   INFO| mainSaveIndex >
2026-01-31 15:39:51 [LoadTaskScheduler]    ProgressManager.cpp:227   INFO| tempSaveIndex >
2026-01-31 15:39:51 [LoadTaskScheduler]    ProgressManager.cpp:247   INFO| mainSaveIndex >= 0
2026-01-31 15:39:51 [LoadTaskScheduler] RemoteProfileScreen.cpp:83    INFO| localSaveFileName  :
2026-01-31 15:39:52 [MainThread      ] RemoteProfileScreen.cpp:828   INFO| Enter Profile Button
2026-01-31 15:39:53 [MainThread      ] RemoteProfileScreen.cpp:512   INFO| Enter StartOrContinueGame
2026-01-31 15:39:53 [MainThread      ] RemoteProfileScreen.cpp:531   INFO| loading CheckPoint
2026-01-31 15:39:53 [MainThread      ]    ProgressManager.cpp:1330  INFO| ProgressManager.load Profile1.sav IPlatformSaveDevice
2026-01-31 15:39:53 [SmallTaskScheduler]       PCSaveDevice.cpp:321   INFO| Opened save file for reading: Profile1.sav
2026-01-31 15:39:53 [SmallTaskScheduler]     BinaryLoadData.cpp:12    INFO| Reading 302435 bytes
2026-01-31 15:39:53 [SmallTaskScheduler]     BinaryLoadData.cpp:35    INFO| Checksum expected = a9ef3416, was = a9ef3416
2026-01-31 15:39:53 [MainThread      ]    ProgressManager.cpp:1396  INFO| Load succeeded
2026-01-31 15:39:53 [MainThread      ]                App.cpp:1628  INFO| App.Reset Start
2026-01-31 15:39:53 [MainThread      ]                 Pool.h:210   INFO| Projectile 0 / 217 (max 1) (594kb)
2026-01-31 15:39:53 [MainThread      ]                 Pool.h:210   INFO| HomingProjectile 0 / 108 (max 0) (297kb)
2026-01-31 15:39:53 [MainThread      ]                 Pool.h:210   INFO| BeamProjectile 0 / 81 (max 0) (225kb)
2026-01-31 15:39:53 [MainThread      ]                 Pool.h:210   INFO| LobProjectile 0 / 81 (max 0) (224kb)
2026-01-31 15:39:53 [MainThread      ]                 Pool.h:210   INFO| ArcProjectile 0 / 81 (max 0) (223kb)
2026-01-31 15:39:53 [MainThread      ]                 Pool.h:210   INFO| InstantProjectile 0 / 108 (max 0) (295kb)
2026-01-31 15:39:53 [MainThread      ]                 Pool.h:210   INFO| Effect 0 / 256 (max 8) (79kb)
2026-01-31 15:39:53 [MainThread      ]             LuaExt.cpp:576   INFO| Lua interface destroyed
2026-01-31 15:39:54 [MainThread      ]       AudioManager.cpp:356   INFO| AudioManager.reset
2026-01-31 15:39:54 [MainThread      ]       AudioManager.cpp:3765  INFO| AudioManager.reset, excludeId = -1, fullWipe = true
2026-01-31 15:39:54 [MainThread      ]   GameAssetManager.cpp:884   INFO| Unloading: BiomeHub
2026-01-31 15:39:54 [MainThread      ]   GameAssetManager.cpp:889   INFO| 	BiomeHub bank: 0.00 ms
2026-01-31 15:39:54 [MainThread      ]   GameAssetManager.cpp:896   INFO| 	BiomeHub package: 6.40 ms
2026-01-31 15:39:54 [MainThread      ]   GameAssetManager.cpp:884   INFO| Unloading: PolecatFamiliar
2026-01-31 15:39:54 [MainThread      ]   GameAssetManager.cpp:889   INFO| 	PolecatFamiliar bank: 0.00 ms
2026-01-31 15:39:54 [MainThread      ]   GameAssetManager.cpp:896   INFO| 	PolecatFamiliar package: 0.01 ms
2026-01-31 15:39:54 [MainThread      ]   GameAssetManager.cpp:884   INFO| Unloading: HoundFamiliar
2026-01-31 15:39:54 [MainThread      ]   GameAssetManager.cpp:889   INFO| 	HoundFamiliar bank: 0.00 ms
2026-01-31 15:39:54 [MainThread      ]   GameAssetManager.cpp:896   INFO| 	HoundFamiliar package: 0.01 ms
2026-01-31 15:39:54 [MainThread      ]   GameAssetManager.cpp:884   INFO| Unloading: FrogFamiliar
2026-01-31 15:39:54 [MainThread      ]   GameAssetManager.cpp:889   INFO| 	FrogFamiliar bank: 0.00 ms
2026-01-31 15:39:54 [MainThread      ]   GameAssetManager.cpp:896   INFO| 	FrogFamiliar package: 0.01 ms
2026-01-31 15:39:54 [MainThread      ]   GameAssetManager.cpp:884   INFO| Unloading: Moros
2026-01-31 15:39:54 [MainThread      ]   GameAssetManager.cpp:889   INFO| 	Moros bank: 0.00 ms
2026-01-31 15:39:54 [MainThread      ]   GameAssetManager.cpp:896   INFO| 	Moros package: 0.14 ms
2026-01-31 15:39:54 [MainThread      ]   GameAssetManager.cpp:884   INFO| Unloading: Hecate
2026-01-31 15:39:54 [MainThread      ]   GameAssetManager.cpp:889   INFO| 	Hecate bank: 0.00 ms
2026-01-31 15:39:54 [MainThread      ]   GameAssetManager.cpp:896   INFO| 	Hecate package: 0.14 ms
2026-01-31 15:39:54 [MainThread      ]   GameAssetManager.cpp:884   INFO| Unloading: Odysseus
2026-01-31 15:39:54 [MainThread      ]   GameAssetManager.cpp:889   INFO| 	Odysseus bank: 0.00 ms
2026-01-31 15:39:54 [MainThread      ]   GameAssetManager.cpp:896   INFO| 	Odysseus package: 0.13 ms
2026-01-31 15:39:54 [MainThread      ]   GameAssetManager.cpp:884   INFO| Unloading: Nemesis
2026-01-31 15:39:54 [MainThread      ]   GameAssetManager.cpp:889   INFO| 	Nemesis bank: 0.00 ms
2026-01-31 15:39:54 [MainThread      ]   GameAssetManager.cpp:896   INFO| 	Nemesis package: 0.10 ms
2026-01-31 15:39:54 [MainThread      ]   GameAssetManager.cpp:884   INFO| Unloading: Hypnos
2026-01-31 15:39:54 [MainThread      ]   GameAssetManager.cpp:889   INFO| 	Hypnos bank: 0.00 ms
2026-01-31 15:39:54 [MainThread      ]   GameAssetManager.cpp:896   INFO| 	Hypnos package: 0.18 ms
2026-01-31 15:39:54 [MainThread      ]   GameAssetManager.cpp:884   INFO| Unloading: Dora
2026-01-31 15:39:54 [MainThread      ]   GameAssetManager.cpp:889   INFO| 	Dora bank: 0.00 ms
2026-01-31 15:39:54 [MainThread      ]   GameAssetManager.cpp:896   INFO| 	Dora package: 0.13 ms
2026-01-31 15:39:54 [MainThread      ]   GameAssetManager.cpp:884   INFO| Unloading: MainMenu
2026-01-31 15:39:54 [MainThread      ]   GameAssetManager.cpp:889   INFO| 	MainMenu bank: 0.00 ms
2026-01-31 15:39:54 [MainThread      ]   GameAssetManager.cpp:896   INFO| 	MainMenu package: 0.11 ms
2026-01-31 15:39:54 [MainThread      ]     ProfileManager.cpp:46    INFO| Loading default profile C:\users\steamuser\Saved Games\Hades II Profile1
2026-01-31 15:39:54 [MainThread      ]     ProfileManager.cpp:192   INFO| ProfileManager::Load(): Profile1 
2026-01-31 15:39:54 [MainThread      ]       PCSaveDevice.cpp:321   INFO| Opened save file for reading: Profile1.sjson
2026-01-31 15:39:54 [MainThread      ]      ConfigOptions.cpp:781   INFO| ConfigOption: BackupSaveCount = 1
2026-01-31 15:39:54 [MainThread      ]      ConfigOptions.cpp:774   INFO| ConfigOption: UseAnalytics = false
2026-01-31 15:39:54 [MainThread      ]      ConfigOptions.cpp:774   INFO| ConfigOption: ValidCheckpoint = false
2026-01-31 15:39:54 [MainThread      ]      ConfigOptions.cpp:781   INFO| ConfigOption: CurrentSettingsCategory = 256
2026-01-31 15:39:54 [MainThread      ]     ProfileManager.cpp:223   INFO| Load profile Profile1.sjson successful
2026-01-31 15:39:54 [MainThread      ]       PCSaveDevice.cpp:321   INFO| Opened save file for reading: GlobalSettingsWin.sjson
2026-01-31 15:39:54 [MainThread      ]      ConfigOptions.cpp:807   INFO| ConfigOption: GraphicsQualityPreset = GraphicsQualityPreset_High
2026-01-31 15:39:54 [MainThread      ]      ConfigOptions.cpp:781   INFO| ConfigOption: NewUpdateSoundRevisionViewed = 131346
2026-01-31 15:39:54 [MainThread      ]      ConfigOptions.cpp:781   INFO| ConfigOption: LastRoadmapRevisionViewed = 131346
2026-01-31 15:39:54 [MainThread      ]      ConfigOptions.cpp:781   INFO| ConfigOption: LastPatchNoteRevisionViewed = 131346
2026-01-31 15:39:54 [MainThread      ]      ConfigOptions.cpp:774   INFO| ConfigOption: FullScreen = true
2026-01-31 15:39:54 [MainThread      ]      ConfigOptions.cpp:781   INFO| ConfigOption: Y = 1080
2026-01-31 15:39:54 [MainThread      ]      ConfigOptions.cpp:781   INFO| ConfigOption: X = 1920
2026-01-31 15:39:54 [MainThread      ]      ConfigOptions.cpp:774   INFO| ConfigOption: VSync = false
2026-01-31 15:39:54 [MainThread      ]      ConfigOptions.cpp:774   INFO| ConfigOption: AutoDetectLowResAssets = false
2026-01-31 15:39:54 [MainThread      ]     ProfileManager.cpp:223   INFO| Load profile GlobalSettingsWin.sjson successful
2026-01-31 15:39:54 [MainThread      ]     BinarySaveData.cpp:42    INFO| PrepareForWrite dataSize = 16 bytes
2026-01-31 15:39:54 [MainThread      ]     BinarySaveData.cpp:17    INFO| Writing 16 bytes
2026-01-31 15:39:54 [MainThread      ]      ConfigOptions.cpp:363   INFO| Set GraphicsQualityPreset: GraphicsQualityPreset_High
2026-01-31 15:39:54 [MainThread      ]                App.cpp:1704  INFO| App.Reset Finished
2026-01-31 15:39:54 [MainThread      ]              World.cpp:1373  INFO| World::Begin()  -> Hub_Main
2026-01-31 15:39:54 [MainThread      ]                 Pool.h:210   INFO| Projectile 0 / 217 (max 1) (594kb)
2026-01-31 15:39:54 [MainThread      ]                 Pool.h:210   INFO| HomingProjectile 0 / 108 (max 0) (297kb)
2026-01-31 15:39:54 [MainThread      ]                 Pool.h:210   INFO| BeamProjectile 0 / 81 (max 0) (225kb)
2026-01-31 15:39:54 [MainThread      ]                 Pool.h:210   INFO| LobProjectile 0 / 81 (max 0) (224kb)
2026-01-31 15:39:54 [MainThread      ]                 Pool.h:210   INFO| ArcProjectile 0 / 81 (max 0) (223kb)
2026-01-31 15:39:54 [MainThread      ]                 Pool.h:210   INFO| InstantProjectile 0 / 108 (max 0) (295kb)
2026-01-31 15:39:54 [MainThread      ]                 Pool.h:210   INFO| Effect 0 / 256 (max 8) (79kb)
2026-01-31 15:39:54 [MainThread      ]              World.cpp:1435  INFO| Finished World::Begin (0.003929 seconds)
2026-01-31 15:39:54 [LoadTaskScheduler]              World.cpp:1263  INFO| Started loadMapDataTask (Hub_Main)
2026-01-31 15:39:54 [LoadTaskScheduler]              World.cpp:1298  INFO| Started preScriptLoadTask
2026-01-31 15:39:54 [LoadTaskScheduler]     BinaryLoadData.cpp:12    INFO| Reading 1288800 bytes
2026-01-31 15:39:54 [LoadTaskScheduler]              World.cpp:1292  INFO| Finished loadMapDataTask (0.011432 seconds)
2026-01-31 15:39:54 [LoadTaskScheduler]              World.cpp:1313  INFO| Started loadPackagesTask
2026-01-31 15:39:54 [LoadTaskScheduler]   GameAssetManager.cpp:658   INFO| Loading package: BiomeHub.pkg
2026-01-31 15:39:54 [LoadTaskScheduler]   GameAssetManager.cpp:571   INFO| Start reading manifest BiomeHub
2026-01-31 15:39:54 [LoadTaskScheduler]    ProgressManager.cpp:1257  INFO| ProgressManager::LoadLua 302216 -> 1256285 4.156911 : 0.011959 s
2026-01-31 15:39:54 [LoadTaskScheduler]              World.cpp:1304  INFO| Finished preScriptLoadTask (0.011998 seconds)
2026-01-31 15:39:54 [LoadTaskScheduler]              World.cpp:1324  INFO| Started postLoadTask
2026-01-31 15:39:54 [LoadTaskScheduler]   GameAssetManager.cpp:632   INFO| Done reading manifest BiomeHub
2026-01-31 15:39:54 [LoadTaskScheduler]   GameAssetManager.cpp:687   INFO| Package Loaded: BiomeHub 510Mb in 0.38s
2026-01-31 15:39:54 [LoadTaskScheduler]       AudioManager.cpp:966   INFO| Loading bank: BiomeHub
2026-01-31 15:39:54 [LoadTaskScheduler]       AudioManager.cpp:981   INFO| Audio bank loaded successfully: BiomeHub (13Mb in 0.02s)
2026-01-31 15:39:54 [LoadTaskScheduler]              World.cpp:1317  INFO| Finished loadPackagesTask (0.408810 seconds)
2026-01-31 15:39:54 [LoadTaskScheduler]              World.cpp:1334  INFO| Done waiting for packages and pre-scripts task
2026-01-31 15:39:54 [LoadTaskScheduler]              World.cpp:1341  INFO| Calling PostLoad
2026-01-31 15:39:54 [LoadTaskScheduler]       AudioManager.cpp:1273  INFO| Unloaded Voice bank: Nemesis in 0.00s
2026-01-31 15:39:54 [LoadTaskScheduler]       AudioManager.cpp:1273  INFO| Unloaded Voice bank: Dora in 0.00s
2026-01-31 15:39:54 [LoadTaskScheduler]       AudioManager.cpp:1273  INFO| Unloaded Voice bank: Odysseus in 0.00s
2026-01-31 15:39:54 [LoadTaskScheduler]       AudioManager.cpp:1273  INFO| Unloaded Voice bank: Hades in 0.00s
2026-01-31 15:39:54 [LoadTaskScheduler]       AudioManager.cpp:1273  INFO| Unloaded Voice bank: Hypnos in 0.00s
2026-01-31 15:39:54 [LoadTaskScheduler]       AudioManager.cpp:1273  INFO| Unloaded Voice bank: Hecate in 0.00s
2026-01-31 15:39:54 [LoadTaskScheduler]   GameAssetManager.cpp:658   INFO| Loading package: PolecatFamiliar.pkg
2026-01-31 15:39:54 [LoadTaskScheduler]   GameAssetManager.cpp:687   INFO| Package Loaded: PolecatFamiliar 1Mb in 0.00s
2026-01-31 15:39:54 [LoadTaskScheduler]   GameAssetManager.cpp:658   INFO| Loading package: HoundFamiliar.pkg
2026-01-31 15:39:54 [LoadTaskScheduler]   GameAssetManager.cpp:687   INFO| Package Loaded: HoundFamiliar 2Mb in 0.00s
2026-01-31 15:39:54 [LoadTaskScheduler]   GameAssetManager.cpp:658   INFO| Loading package: FrogFamiliar.pkg
2026-01-31 15:39:54 [LoadTaskScheduler]   GameAssetManager.cpp:687   INFO| Package Loaded: FrogFamiliar 2Mb in 0.00s
2026-01-31 15:39:54 [LoadTaskScheduler]       AudioManager.cpp:966   INFO| Loading bank: PolecatFamiliar
2026-01-31 15:39:54 [LoadTaskScheduler]       AudioManager.cpp:981   INFO| Audio bank loaded successfully: PolecatFamiliar (0Mb in 0.03s)
2026-01-31 15:39:54 [LoadTaskScheduler]       AudioManager.cpp:966   INFO| Loading bank: HoundFamiliar
2026-01-31 15:39:54 [LoadTaskScheduler]       AudioManager.cpp:981   INFO| Audio bank loaded successfully: HoundFamiliar (0Mb in 0.04s)
2026-01-31 15:39:54 [LoadTaskScheduler]       AudioManager.cpp:966   INFO| Loading bank: FrogFamiliar
2026-01-31 15:39:55 [LoadTaskScheduler]       AudioManager.cpp:981   INFO| Audio bank loaded successfully: FrogFamiliar (0Mb in 0.05s)
2026-01-31 15:39:55 [LoadTaskScheduler]              World.cpp:1343  INFO| Finished PostLoad
2026-01-31 15:39:55 [LoadTaskScheduler]              World.cpp:1348  INFO| Finished postLoadTask (0.647177 seconds)
2026-01-31 15:39:55 [MainThread      ]              World.cpp:1359  INFO| Started loadScreen onExit
2026-01-31 15:39:55 [MainThread      ]      ScriptManager.cpp:1001  INFO| Lua GC took 0.15 seconds
2026-01-31 15:39:55 [MainThread      ]       AudioManager.cpp:1233  INFO| Voice bank loaded successfully: Hades (322 lines in 0.006390 seconds)
2026-01-31 15:39:55 [MainThread      ]   GameAssetManager.cpp:658   INFO| Loading package: WeaponBlink.pkg
2026-01-31 15:39:55 [MainThread      ]   GameAssetManager.cpp:571   INFO| Start reading manifest WeaponBlink
2026-01-31 15:39:55 [MainThread      ]   GameAssetManager.cpp:632   INFO| Done reading manifest WeaponBlink
2026-01-31 15:39:55 [MainThread      ]   GameAssetManager.cpp:687   INFO| Package Loaded: WeaponBlink 2Mb in 0.00s
2026-01-31 15:39:55 [MainThread      ]       AudioManager.cpp:966   INFO| Loading bank: WeaponBlink
2026-01-31 15:39:55 [MainThread      ]       AudioManager.cpp:981   INFO| Audio bank loaded successfully: WeaponBlink (0Mb in 0.03s)
2026-01-31 15:39:55 [MainThread      ]   GameAssetManager.cpp:658   INFO| Loading package: WeaponCast.pkg
2026-01-31 15:39:55 [MainThread      ]   GameAssetManager.cpp:571   INFO| Start reading manifest WeaponCast
2026-01-31 15:39:55 [MainThread      ]   GameAssetManager.cpp:632   INFO| Done reading manifest WeaponCast
2026-01-31 15:39:55 [MainThread      ]   GameAssetManager.cpp:687   INFO| Package Loaded: WeaponCast 36Mb in 0.03s
2026-01-31 15:39:55 [MainThread      ]       AudioManager.cpp:966   INFO| Loading bank: WeaponCast
2026-01-31 15:39:55 [MainThread      ]       AudioManager.cpp:981   INFO| Audio bank loaded successfully: WeaponCast (0Mb in 0.03s)
2026-01-31 15:39:55 [MainThread      ]   GameAssetManager.cpp:658   INFO| Loading package: WeaponAxe.pkg
2026-01-31 15:39:55 [MainThread      ]   GameAssetManager.cpp:571   INFO| Start reading manifest WeaponAxe
2026-01-31 15:39:55 [MainThread      ]   GameAssetManager.cpp:632   INFO| Done reading manifest WeaponAxe
2026-01-31 15:39:55 [MainThread      ]   GameAssetManager.cpp:687   INFO| Package Loaded: WeaponAxe 13Mb in 0.02s
2026-01-31 15:39:55 [MainThread      ]       AudioManager.cpp:966   INFO| Loading bank: WeaponAxe
2026-01-31 15:39:55 [MainThread      ]       AudioManager.cpp:981   INFO| Audio bank loaded successfully: WeaponAxe (0Mb in 0.04s)
2026-01-31 15:39:55 [MainThread      ]   GameAssetManager.cpp:658   INFO| Loading package: Moros.pkg
2026-01-31 15:39:55 [MainThread      ]   GameAssetManager.cpp:571   INFO| Start reading manifest Moros
2026-01-31 15:39:55 [MainThread      ]   GameAssetManager.cpp:632   INFO| Done reading manifest Moros
2026-01-31 15:39:55 [MainThread      ]   GameAssetManager.cpp:687   INFO| Package Loaded: Moros 53Mb in 0.03s
2026-01-31 15:39:55 [MainThread      ]       AudioManager.cpp:1233  INFO| Voice bank loaded successfully: Hecate (792 lines in 0.004614 seconds)
2026-01-31 15:39:55 [MainThread      ]   GameAssetManager.cpp:658   INFO| Loading package: Hecate.pkg
2026-01-31 15:39:55 [MainThread      ]   GameAssetManager.cpp:571   INFO| Start reading manifest Hecate
2026-01-31 15:39:55 [MainThread      ]   GameAssetManager.cpp:632   INFO| Done reading manifest Hecate
2026-01-31 15:39:55 [MainThread      ]   GameAssetManager.cpp:687   INFO| Package Loaded: Hecate 53Mb in 0.04s
2026-01-31 15:39:55 [MainThread      ]       AudioManager.cpp:1233  INFO| Voice bank loaded successfully: Odysseus (586 lines in 0.005129 seconds)
2026-01-31 15:39:55 [MainThread      ]   GameAssetManager.cpp:658   INFO| Loading package: Odysseus.pkg
2026-01-31 15:39:55 [MainThread      ]   GameAssetManager.cpp:571   INFO| Start reading manifest Odysseus
2026-01-31 15:39:55 [MainThread      ]   GameAssetManager.cpp:632   INFO| Done reading manifest Odysseus
2026-01-31 15:39:55 [MainThread      ]   GameAssetManager.cpp:687   INFO| Package Loaded: Odysseus 53Mb in 0.04s
2026-01-31 15:39:55 [MainThread      ]       AudioManager.cpp:1233  INFO| Voice bank loaded successfully: Nemesis (414 lines in 0.003825 seconds)
2026-01-31 15:39:55 [MainThread      ]   GameAssetManager.cpp:658   INFO| Loading package: Nemesis.pkg
2026-01-31 15:39:55 [MainThread      ]   GameAssetManager.cpp:571   INFO| Start reading manifest Nemesis
2026-01-31 15:39:55 [MainThread      ]   GameAssetManager.cpp:632   INFO| Done reading manifest Nemesis
2026-01-31 15:39:55 [MainThread      ]   GameAssetManager.cpp:687   INFO| Package Loaded: Nemesis 48Mb in 0.03s
2026-01-31 15:39:55 [MainThread      ]       AudioManager.cpp:1233  INFO| Voice bank loaded successfully: Hypnos (46 lines in 0.002077 seconds)
2026-01-31 15:39:55 [MainThread      ]   GameAssetManager.cpp:658   INFO| Loading package: Hypnos.pkg
2026-01-31 15:39:55 [MainThread      ]   GameAssetManager.cpp:571   INFO| Start reading manifest Hypnos
2026-01-31 15:39:55 [MainThread      ]   GameAssetManager.cpp:632   INFO| Done reading manifest Hypnos
2026-01-31 15:39:55 [MainThread      ]   GameAssetManager.cpp:687   INFO| Package Loaded: Hypnos 56Mb in 0.05s
2026-01-31 15:39:56 [MainThread      ]       AudioManager.cpp:1233  INFO| Voice bank loaded successfully: Dora (640 lines in 0.003630 seconds)
2026-01-31 15:39:56 [MainThread      ]   GameAssetManager.cpp:658   INFO| Loading package: Dora.pkg
2026-01-31 15:39:56 [MainThread      ]   GameAssetManager.cpp:571   INFO| Start reading manifest Dora
2026-01-31 15:39:56 [MainThread      ]   GameAssetManager.cpp:632   INFO| Done reading manifest Dora
2026-01-31 15:39:56 [MainThread      ]   GameAssetManager.cpp:687   INFO| Package Loaded: Dora 36Mb in 0.03s
2026-01-31 15:39:56 [MainThread      ]              World.cpp:1366  INFO| Finished loadScreen onExit (0.642385 seconds)
2026-01-31 15:42:28 [RenderThread    ]      ForgeRenderer.cpp:7034  INFO| Creating pipeline for effect: ShaderEffectType::ColorGradingLerp blend state 5 depthState 2
2026-01-31 15:43:06 [RenderThread    ]      ForgeRenderer.cpp:7034  INFO| Creating pipeline for effect: ShaderEffectType::MultiplyAndLerp blend state 1 depthState 0
2026-01-31 15:44:36 [MainThread      ]              World.cpp:1373  INFO| World::Begin() Hub_Main -> Hub_PreRun
2026-01-31 15:44:36 [MainThread      ]                 Pool.h:210   INFO| Projectile 0 / 217 (max 1) (594kb)
2026-01-31 15:44:36 [MainThread      ]                 Pool.h:210   INFO| HomingProjectile 0 / 108 (max 0) (297kb)
2026-01-31 15:44:36 [MainThread      ]                 Pool.h:210   INFO| BeamProjectile 0 / 81 (max 0) (225kb)
2026-01-31 15:44:36 [MainThread      ]                 Pool.h:210   INFO| LobProjectile 0 / 81 (max 0) (224kb)
2026-01-31 15:44:36 [MainThread      ]                 Pool.h:210   INFO| ArcProjectile 0 / 81 (max 0) (223kb)
2026-01-31 15:44:36 [MainThread      ]                 Pool.h:210   INFO| InstantProjectile 0 / 108 (max 0) (295kb)
2026-01-31 15:44:36 [MainThread      ]                 Pool.h:210   INFO| Effect 0 / 256 (max 8) (79kb)
2026-01-31 15:44:36 [MainThread      ]    ProgressManager.cpp:1102  INFO| Lua::Save() : 0.010088 s
2026-01-31 15:44:36 [MainThread      ]    ProgressManager.cpp:1034  INFO| GatherSaveData : 0.012665 s
2026-01-31 15:44:36 [MainThread      ]     BinarySaveData.cpp:42    INFO| PrepareForWrite dataSize = 304116 bytes
2026-01-31 15:44:36 [MainThread      ]     BinarySaveData.cpp:47    INFO| PrepareForWrite checksum = c5ac587f bytes
2026-01-31 15:44:36 [MainThread      ]              World.cpp:1435  INFO| Finished World::Begin (0.076095 seconds)
2026-01-31 15:44:36 [LoadTaskScheduler]              World.cpp:1263  INFO| Started loadMapDataTask (Hub_PreRun)
2026-01-31 15:44:36 [LoadTaskScheduler]              World.cpp:1298  INFO| Started preScriptLoadTask
2026-01-31 15:44:36 [LoadTaskScheduler]              World.cpp:1304  INFO| Finished preScriptLoadTask (0.000001 seconds)
2026-01-31 15:44:36 [LoadTaskScheduler]              World.cpp:1313  INFO| Started loadPackagesTask
2026-01-31 15:44:36 [LoadTaskScheduler]              World.cpp:1317  INFO| Finished loadPackagesTask (0.000005 seconds)
2026-01-31 15:44:36 [LoadTaskScheduler]              World.cpp:1324  INFO| Started postLoadTask
2026-01-31 15:44:36 [LoadTaskScheduler]              World.cpp:1334  INFO| Done waiting for packages and pre-scripts task
2026-01-31 15:44:36 [SmallTaskScheduler]     BinarySaveData.cpp:17    INFO| Writing 304116 bytes
2026-01-31 15:44:36 [LoadTaskScheduler]     BinaryLoadData.cpp:12    INFO| Reading 383694 bytes
2026-01-31 15:44:36 [LoadTaskScheduler]              World.cpp:1292  INFO| Finished loadMapDataTask (0.011709 seconds)
2026-01-31 15:44:36 [LoadTaskScheduler]              World.cpp:1341  INFO| Calling PostLoad
2026-01-31 15:44:36 [LoadTaskScheduler]       AudioManager.cpp:1273  INFO| Unloaded Voice bank: Nemesis in 0.00s
2026-01-31 15:44:36 [LoadTaskScheduler]       AudioManager.cpp:1273  INFO| Unloaded Voice bank: Dora in 0.00s
2026-01-31 15:44:36 [LoadTaskScheduler]       AudioManager.cpp:1273  INFO| Unloaded Voice bank: Odysseus in 0.00s
2026-01-31 15:44:36 [LoadTaskScheduler]       AudioManager.cpp:1273  INFO| Unloaded Voice bank: Hades in 0.00s
2026-01-31 15:44:36 [LoadTaskScheduler]       AudioManager.cpp:1273  INFO| Unloaded Voice bank: Hypnos in 0.00s
2026-01-31 15:44:36 [LoadTaskScheduler]       AudioManager.cpp:1273  INFO| Unloaded Voice bank: Hecate in 0.00s
2026-01-31 15:44:36 [LoadTaskScheduler]              World.cpp:1343  INFO| Finished PostLoad
2026-01-31 15:44:36 [LoadTaskScheduler]              World.cpp:1348  INFO| Finished postLoadTask (0.063475 seconds)
2026-01-31 15:44:36 [MainThread      ]              World.cpp:1359  INFO| Started loadScreen onExit
2026-01-31 15:44:37 [MainThread      ]      ScriptManager.cpp:1001  INFO| Lua GC took 0.11 seconds
2026-01-31 15:44:37 [MainThread      ]       AudioManager.cpp:1233  INFO| Voice bank loaded successfully: Skelly (665 lines in 0.006279 seconds)
2026-01-31 15:44:37 [MainThread      ]       AudioManager.cpp:1233  INFO| Voice bank loaded successfully: Selene (469 lines in 0.002848 seconds)
2026-01-31 15:44:37 [MainThread      ]       AudioManager.cpp:1233  INFO| Voice bank loaded successfully: Nyx (107 lines in 0.002017 seconds)
2026-01-31 15:44:37 [MainThread      ]   GameAssetManager.cpp:658   INFO| Loading package: Skelly.pkg
2026-01-31 15:44:37 [MainThread      ]   GameAssetManager.cpp:571   INFO| Start reading manifest Skelly
2026-01-31 15:44:37 [MainThread      ]   GameAssetManager.cpp:632   INFO| Done reading manifest Skelly
2026-01-31 15:44:37 [MainThread      ]   GameAssetManager.cpp:687   INFO| Package Loaded: Skelly 32Mb in 0.02s
2026-01-31 15:44:37 [MainThread      ]   GameAssetManager.cpp:658   INFO| Loading package: WeaponStaffSwing.pkg
2026-01-31 15:44:37 [MainThread      ]   GameAssetManager.cpp:571   INFO| Start reading manifest WeaponStaffSwing
2026-01-31 15:44:37 [MainThread      ]   GameAssetManager.cpp:632   INFO| Done reading manifest WeaponStaffSwing
2026-01-31 15:44:37 [MainThread      ]   GameAssetManager.cpp:687   INFO| Package Loaded: WeaponStaffSwing 50Mb in 0.05s
2026-01-31 15:44:37 [MainThread      ]   GameAssetManager.cpp:658   INFO| Loading package: WeaponDagger.pkg
2026-01-31 15:44:37 [MainThread      ]   GameAssetManager.cpp:571   INFO| Start reading manifest WeaponDagger
2026-01-31 15:44:37 [MainThread      ]   GameAssetManager.cpp:632   INFO| Done reading manifest WeaponDagger
2026-01-31 15:44:37 [MainThread      ]   GameAssetManager.cpp:687   INFO| Package Loaded: WeaponDagger 17Mb in 0.02s
2026-01-31 15:44:37 [MainThread      ]   GameAssetManager.cpp:658   INFO| Loading package: WeaponTorch.pkg
2026-01-31 15:44:37 [MainThread      ]   GameAssetManager.cpp:571   INFO| Start reading manifest WeaponTorch
2026-01-31 15:44:37 [MainThread      ]   GameAssetManager.cpp:632   INFO| Done reading manifest WeaponTorch
2026-01-31 15:44:37 [MainThread      ]   GameAssetManager.cpp:687   INFO| Package Loaded: WeaponTorch 19Mb in 0.02s
2026-01-31 15:44:37 [MainThread      ]   GameAssetManager.cpp:658   INFO| Loading package: WeaponLob.pkg
2026-01-31 15:44:37 [MainThread      ]   GameAssetManager.cpp:571   INFO| Start reading manifest WeaponLob
2026-01-31 15:44:37 [MainThread      ]   GameAssetManager.cpp:632   INFO| Done reading manifest WeaponLob
2026-01-31 15:44:37 [MainThread      ]   GameAssetManager.cpp:687   INFO| Package Loaded: WeaponLob 26Mb in 0.03s
2026-01-31 15:44:37 [MainThread      ]   GameAssetManager.cpp:658   INFO| Loading package: WeaponSuit.pkg
2026-01-31 15:44:37 [MainThread      ]   GameAssetManager.cpp:571   INFO| Start reading manifest WeaponSuit
2026-01-31 15:44:37 [MainThread      ]   GameAssetManager.cpp:632   INFO| Done reading manifest WeaponSuit
2026-01-31 15:44:37 [MainThread      ]   GameAssetManager.cpp:687   INFO| Package Loaded: WeaponSuit 51Mb in 0.04s
2026-01-31 15:44:37 [MainThread      ]       AudioManager.cpp:966   INFO| Loading bank: WeaponStaffSwing
2026-01-31 15:44:37 [MainThread      ]       AudioManager.cpp:981   INFO| Audio bank loaded successfully: WeaponStaffSwing (1Mb in 0.04s)
2026-01-31 15:44:37 [MainThread      ]       AudioManager.cpp:966   INFO| Loading bank: WeaponDagger
2026-01-31 15:44:37 [MainThread      ]       AudioManager.cpp:981   INFO| Audio bank loaded successfully: WeaponDagger (0Mb in 0.04s)
2026-01-31 15:44:37 [MainThread      ]       AudioManager.cpp:966   INFO| Loading bank: WeaponTorch
2026-01-31 15:44:37 [MainThread      ]       AudioManager.cpp:981   INFO| Audio bank loaded successfully: WeaponTorch (0Mb in 0.04s)
2026-01-31 15:44:37 [MainThread      ]       AudioManager.cpp:966   INFO| Loading bank: WeaponLob
2026-01-31 15:44:37 [MainThread      ]       AudioManager.cpp:981   INFO| Audio bank loaded successfully: WeaponLob (1Mb in 0.04s)
2026-01-31 15:44:37 [MainThread      ]       AudioManager.cpp:966   INFO| Loading bank: WeaponSuit
2026-01-31 15:44:37 [MainThread      ]       AudioManager.cpp:981   INFO| Audio bank loaded successfully: WeaponSuit (2Mb in 0.04s)
2026-01-31 15:44:37 [MainThread      ]   GameAssetManager.cpp:658   INFO| Loading package: CatFamiliar.pkg
2026-01-31 15:44:37 [MainThread      ]   GameAssetManager.cpp:687   INFO| Package Loaded: CatFamiliar 2Mb in 0.01s
2026-01-31 15:44:37 [MainThread      ]   GameAssetManager.cpp:658   INFO| Loading package: RavenFamiliar.pkg
2026-01-31 15:44:37 [MainThread      ]   GameAssetManager.cpp:571   INFO| Start reading manifest RavenFamiliar
2026-01-31 15:44:37 [MainThread      ]   GameAssetManager.cpp:632   INFO| Done reading manifest RavenFamiliar
2026-01-31 15:44:37 [MainThread      ]   GameAssetManager.cpp:687   INFO| Package Loaded: RavenFamiliar 2Mb in 0.00s
2026-01-31 15:44:37 [MainThread      ]       AudioManager.cpp:966   INFO| Loading bank: CatFamiliar
2026-01-31 15:44:37 [MainThread      ]       AudioManager.cpp:981   INFO| Audio bank loaded successfully: CatFamiliar (0Mb in 0.03s)
2026-01-31 15:44:37 [MainThread      ]       AudioManager.cpp:966   INFO| Loading bank: RavenFamiliar
2026-01-31 15:44:37 [MainThread      ]       AudioManager.cpp:981   INFO| Audio bank loaded successfully: RavenFamiliar (0Mb in 0.04s)
2026-01-31 15:44:37 [MainThread      ]       AudioManager.cpp:1233  INFO| Voice bank loaded successfully: AphroditeKeepsake (3 lines in 0.003295 seconds)
2026-01-31 15:44:37 [MainThread      ]       AudioManager.cpp:1233  INFO| Voice bank loaded successfully: ApolloKeepsake (2 lines in 0.001806 seconds)
2026-01-31 15:44:37 [MainThread      ]       AudioManager.cpp:1233  INFO| Voice bank loaded successfully: ArachneKeepsake (2 lines in 0.001761 seconds)
2026-01-31 15:44:37 [MainThread      ]       AudioManager.cpp:1233  INFO| Voice bank loaded successfully: AresKeepsake (2 lines in 0.001731 seconds)
2026-01-31 15:44:37 [MainThread      ]       AudioManager.cpp:1233  INFO| Voice bank loaded successfully: ArtemisKeepsake (2 lines in 0.001750 seconds)
2026-01-31 15:44:37 [MainThread      ]       AudioManager.cpp:1233  INFO| Voice bank loaded successfully: AthenaKeepsake (2 lines in 0.001423 seconds)
2026-01-31 15:44:37 [MainThread      ]       AudioManager.cpp:1233  INFO| Voice bank loaded successfully: ChaosKeepsake (2 lines in 0.001641 seconds)
2026-01-31 15:44:37 [MainThread      ]       AudioManager.cpp:1233  INFO| Voice bank loaded successfully: CharonKeepsake (2 lines in 0.001227 seconds)
2026-01-31 15:44:37 [MainThread      ]       AudioManager.cpp:1233  INFO| Voice bank loaded successfully: ChronosKeepsake (2 lines in 0.001558 seconds)
2026-01-31 15:44:37 [MainThread      ]       AudioManager.cpp:1233  INFO| Voice bank loaded successfully: CirceKeepsake (2 lines in 0.001581 seconds)
2026-01-31 15:44:37 [MainThread      ]       AudioManager.cpp:1233  INFO| Voice bank loaded successfully: DemeterKeepsake (2 lines in 0.001455 seconds)
2026-01-31 15:44:37 [MainThread      ]       AudioManager.cpp:1233  INFO| Voice bank loaded successfully: DionysusKeepsake (2 lines in 0.001895 seconds)
2026-01-31 15:44:37 [MainThread      ]       AudioManager.cpp:1233  INFO| Voice bank loaded successfully: DoraKeepsake (2 lines in 0.001470 seconds)
2026-01-31 15:44:37 [MainThread      ]       AudioManager.cpp:1233  INFO| Voice bank loaded successfully: EchoKeepsake (2 lines in 0.001552 seconds)
2026-01-31 15:44:37 [MainThread      ]       AudioManager.cpp:1233  INFO| Voice bank loaded successfully: ErisKeepsake (2 lines in 0.001311 seconds)
2026-01-31 15:44:37 [MainThread      ]       AudioManager.cpp:1233  INFO| Voice bank loaded successfully: HadesKeepsake (2 lines in 0.000929 seconds)
2026-01-31 15:44:37 [MainThread      ]       AudioManager.cpp:1233  INFO| Voice bank loaded successfully: HecateKeepsake (3 lines in 0.001326 seconds)
2026-01-31 15:44:37 [MainThread      ]       AudioManager.cpp:1233  INFO| Voice bank loaded successfully: HephaestusKeepsake (2 lines in 0.001333 seconds)
2026-01-31 15:44:37 [MainThread      ]       AudioManager.cpp:1233  INFO| Voice bank loaded successfully: HeraclesKeepsake (2 lines in 0.001615 seconds)
2026-01-31 15:44:37 [MainThread      ]       AudioManager.cpp:1233  INFO| Voice bank loaded successfully: HeraKeepsake (4 lines in 0.001379 seconds)
2026-01-31 15:44:37 [MainThread      ]       AudioManager.cpp:1233  INFO| Voice bank loaded successfully: HermesKeepsake (2 lines in 0.001626 seconds)
2026-01-31 15:44:37 [MainThread      ]       AudioManager.cpp:1233  INFO| Voice bank loaded successfully: HestiaKeepsake (2 lines in 0.001406 seconds)
2026-01-31 15:44:37 [MainThread      ]       AudioManager.cpp:1233  INFO| Voice bank loaded successfully: IcarusKeepsake (2 lines in 0.001484 seconds)
2026-01-31 15:44:37 [MainThread      ]       AudioManager.cpp:1233  INFO| Voice bank loaded successfully: MedeaKeepsake (2 lines in 0.001539 seconds)
2026-01-31 15:44:37 [MainThread      ]       AudioManager.cpp:1233  INFO| Voice bank loaded successfully: MorosKeepsake (2 lines in 0.001706 seconds)
2026-01-31 15:44:37 [MainThread      ]       AudioManager.cpp:1233  INFO| Voice bank loaded successfully: NarcissusKeepsake (4 lines in 0.001358 seconds)
2026-01-31 15:44:37 [MainThread      ]       AudioManager.cpp:1233  INFO| Voice bank loaded successfully: NemesisKeepsake (4 lines in 0.001351 seconds)
2026-01-31 15:44:37 [MainThread      ]       AudioManager.cpp:1233  INFO| Voice bank loaded successfully: OdysseusKeepsake (2 lines in 0.001080 seconds)
2026-01-31 15:44:37 [MainThread      ]       AudioManager.cpp:1233  INFO| Voice bank loaded successfully: PersephoneKeepsake (2 lines in 0.001641 seconds)
2026-01-31 15:44:37 [MainThread      ]       AudioManager.cpp:1233  INFO| Voice bank loaded successfully: PoseidonKeepsake (2 lines in 0.001548 seconds)
2026-01-31 15:44:37 [MainThread      ]       AudioManager.cpp:1233  INFO| Voice bank loaded successfully: SeleneKeepsake (2 lines in 0.001423 seconds)
2026-01-31 15:44:37 [MainThread      ]       AudioManager.cpp:1233  INFO| Voice bank loaded successfully: SkellyKeepsake (3 lines in 0.001635 seconds)
2026-01-31 15:44:37 [MainThread      ]       AudioManager.cpp:1233  INFO| Voice bank loaded successfully: ZagreusKeepsake (2 lines in 0.001487 seconds)
2026-01-31 15:44:37 [MainThread      ]       AudioManager.cpp:1233  INFO| Voice bank loaded successfully: ZeusKeepsake (2 lines in 0.001549 seconds)
2026-01-31 15:44:37 [MainThread      ]       AudioManager.cpp:1233  INFO| Voice bank loaded successfully: Chaos (352 lines in 0.003171 seconds)
2026-01-31 15:44:37 [MainThread      ]              World.cpp:1366  INFO| Finished loadScreen onExit (0.687974 seconds)
2026-01-31 15:45:48 [MainThread      ]    ProgressManager.cpp:1102  INFO| Lua::Save() : 0.012204 s
2026-01-31 15:45:48 [MainThread      ]    ProgressManager.cpp:1034  INFO| GatherSaveData : 0.014331 s
2026-01-31 15:45:48 [MainThread      ]     BinarySaveData.cpp:42    INFO| PrepareForWrite dataSize = 305957 bytes
2026-01-31 15:45:48 [MainThread      ]     BinarySaveData.cpp:47    INFO| PrepareForWrite checksum = 3f549335 bytes
2026-01-31 15:45:48 [SmallTaskScheduler]     BinarySaveData.cpp:17    INFO| Writing 305957 bytes
2026-01-31 15:46:06 [MainThread      ]    ProgressManager.cpp:1102  INFO| Lua::Save() : 0.018067 s
2026-01-31 15:46:06 [MainThread      ]    ProgressManager.cpp:1034  INFO| GatherSaveData : 0.021224 s
2026-01-31 15:46:06 [MainThread      ]     BinarySaveData.cpp:42    INFO| PrepareForWrite dataSize = 304944 bytes
2026-01-31 15:46:06 [MainThread      ]     BinarySaveData.cpp:47    INFO| PrepareForWrite checksum = 8cfab24f bytes
2026-01-31 15:46:06 [SmallTaskScheduler]     BinarySaveData.cpp:17    INFO| Writing 304944 bytes
2026-01-31 15:46:43 [MainThread      ]     BinarySaveData.cpp:42    INFO| PrepareForWrite dataSize = 9 bytes
2026-01-31 15:46:43 [SmallTaskScheduler]     BinarySaveData.cpp:17    INFO| Writing 9 bytes
2026-01-31 15:46:43 [MainThread      ]              World.cpp:1373  INFO| World::Begin() Hub_PreRun -> F_Opening03
2026-01-31 15:46:43 [MainThread      ]                 Pool.h:210   INFO| Projectile 0 / 217 (max 1) (594kb)
2026-01-31 15:46:43 [MainThread      ]                 Pool.h:210   INFO| HomingProjectile 0 / 108 (max 0) (297kb)
2026-01-31 15:46:43 [MainThread      ]                 Pool.h:210   INFO| BeamProjectile 0 / 81 (max 0) (225kb)
2026-01-31 15:46:43 [MainThread      ]                 Pool.h:210   INFO| LobProjectile 0 / 81 (max 0) (224kb)
2026-01-31 15:46:43 [MainThread      ]                 Pool.h:210   INFO| ArcProjectile 0 / 81 (max 1) (223kb)
2026-01-31 15:46:43 [MainThread      ]                 Pool.h:210   INFO| InstantProjectile 0 / 108 (max 1) (295kb)
2026-01-31 15:46:43 [MainThread      ]                 Pool.h:210   INFO| Effect 0 / 256 (max 8) (79kb)
2026-01-31 15:46:43 [MainThread      ]    ProgressManager.cpp:1102  INFO| Lua::Save() : 0.009849 s
2026-01-31 15:46:43 [MainThread      ]    ProgressManager.cpp:1034  INFO| GatherSaveData : 0.011852 s
2026-01-31 15:46:43 [MainThread      ]     BinarySaveData.cpp:42    INFO| PrepareForWrite dataSize = 197293 bytes
2026-01-31 15:46:43 [MainThread      ]     BinarySaveData.cpp:47    INFO| PrepareForWrite checksum = 835142ef bytes
2026-01-31 15:46:43 [MainThread      ]   GameAssetManager.cpp:884   INFO| Unloading: WeaponAxe
2026-01-31 15:46:43 [MainThread      ]   GameAssetManager.cpp:889   INFO| 	WeaponAxe bank: 0.00 ms
2026-01-31 15:46:43 [MainThread      ]   GameAssetManager.cpp:896   INFO| 	WeaponAxe package: 1.16 ms
2026-01-31 15:46:43 [MainThread      ]   GameAssetManager.cpp:884   INFO| Unloading: WeaponBlink
2026-01-31 15:46:43 [MainThread      ]   GameAssetManager.cpp:889   INFO| 	WeaponBlink bank: 0.00 ms
2026-01-31 15:46:43 [MainThread      ]   GameAssetManager.cpp:896   INFO| 	WeaponBlink package: 0.05 ms
2026-01-31 15:46:43 [MainThread      ]   GameAssetManager.cpp:884   INFO| Unloading: WeaponCast
2026-01-31 15:46:43 [MainThread      ]   GameAssetManager.cpp:889   INFO| 	WeaponCast bank: 0.00 ms
2026-01-31 15:46:43 [SmallTaskScheduler]     BinarySaveData.cpp:17    INFO| Writing 197293 bytes
2026-01-31 15:46:43 [MainThread      ]   GameAssetManager.cpp:896   INFO| 	WeaponCast package: 2.48 ms
2026-01-31 15:46:43 [MainThread      ]   GameAssetManager.cpp:884   INFO| Unloading: BiomeHub
2026-01-31 15:46:43 [MainThread      ]   GameAssetManager.cpp:889   INFO| 	BiomeHub bank: 0.00 ms
2026-01-31 15:46:43 [MainThread      ]   GameAssetManager.cpp:896   INFO| 	BiomeHub package: 16.53 ms
2026-01-31 15:46:43 [MainThread      ]   GameAssetManager.cpp:884   INFO| Unloading: PolecatFamiliar
2026-01-31 15:46:43 [MainThread      ]   GameAssetManager.cpp:889   INFO| 	PolecatFamiliar bank: 0.00 ms
2026-01-31 15:46:43 [MainThread      ]   GameAssetManager.cpp:896   INFO| 	PolecatFamiliar package: 0.02 ms
2026-01-31 15:46:43 [MainThread      ]   GameAssetManager.cpp:884   INFO| Unloading: HoundFamiliar
2026-01-31 15:46:43 [MainThread      ]   GameAssetManager.cpp:889   INFO| 	HoundFamiliar bank: 0.00 ms
2026-01-31 15:46:43 [MainThread      ]   GameAssetManager.cpp:896   INFO| 	HoundFamiliar package: 0.02 ms
2026-01-31 15:46:43 [MainThread      ]   GameAssetManager.cpp:884   INFO| Unloading: FrogFamiliar
2026-01-31 15:46:43 [MainThread      ]   GameAssetManager.cpp:889   INFO| 	FrogFamiliar bank: 0.00 ms
2026-01-31 15:46:43 [MainThread      ]   GameAssetManager.cpp:896   INFO| 	FrogFamiliar package: 0.02 ms
2026-01-31 15:46:43 [MainThread      ]   GameAssetManager.cpp:884   INFO| Unloading: Moros
2026-01-31 15:46:43 [MainThread      ]   GameAssetManager.cpp:889   INFO| 	Moros bank: 0.00 ms
2026-01-31 15:46:43 [MainThread      ]   GameAssetManager.cpp:896   INFO| 	Moros package: 0.46 ms
2026-01-31 15:46:43 [MainThread      ]   GameAssetManager.cpp:884   INFO| Unloading: Hecate
2026-01-31 15:46:43 [MainThread      ]   GameAssetManager.cpp:889   INFO| 	Hecate bank: 0.00 ms
2026-01-31 15:46:43 [MainThread      ]   GameAssetManager.cpp:896   INFO| 	Hecate package: 0.50 ms
2026-01-31 15:46:43 [MainThread      ]   GameAssetManager.cpp:884   INFO| Unloading: Odysseus
2026-01-31 15:46:43 [MainThread      ]   GameAssetManager.cpp:889   INFO| 	Odysseus bank: 0.00 ms
2026-01-31 15:46:43 [MainThread      ]   GameAssetManager.cpp:896   INFO| 	Odysseus package: 0.46 ms
2026-01-31 15:46:43 [MainThread      ]   GameAssetManager.cpp:884   INFO| Unloading: Nemesis
2026-01-31 15:46:43 [MainThread      ]   GameAssetManager.cpp:889   INFO| 	Nemesis bank: 0.00 ms
2026-01-31 15:46:43 [MainThread      ]   GameAssetManager.cpp:896   INFO| 	Nemesis package: 0.35 ms
2026-01-31 15:46:43 [MainThread      ]   GameAssetManager.cpp:884   INFO| Unloading: Hypnos
2026-01-31 15:46:43 [MainThread      ]   GameAssetManager.cpp:889   INFO| 	Hypnos bank: 0.00 ms
2026-01-31 15:46:43 [MainThread      ]   GameAssetManager.cpp:896   INFO| 	Hypnos package: 0.64 ms
2026-01-31 15:46:43 [MainThread      ]   GameAssetManager.cpp:884   INFO| Unloading: Dora
2026-01-31 15:46:43 [MainThread      ]   GameAssetManager.cpp:889   INFO| 	Dora bank: 0.00 ms
2026-01-31 15:46:43 [MainThread      ]   GameAssetManager.cpp:896   INFO| 	Dora package: 0.45 ms
2026-01-31 15:46:43 [MainThread      ]   GameAssetManager.cpp:884   INFO| Unloading: Skelly
2026-01-31 15:46:43 [MainThread      ]   GameAssetManager.cpp:889   INFO| 	Skelly bank: 0.00 ms
2026-01-31 15:46:43 [MainThread      ]   GameAssetManager.cpp:896   INFO| 	Skelly package: 0.28 ms
2026-01-31 15:46:43 [MainThread      ]   GameAssetManager.cpp:884   INFO| Unloading: WeaponStaffSwing
2026-01-31 15:46:43 [MainThread      ]   GameAssetManager.cpp:889   INFO| 	WeaponStaffSwing bank: 0.00 ms
2026-01-31 15:46:43 [MainThread      ]   GameAssetManager.cpp:896   INFO| 	WeaponStaffSwing package: 2.45 ms
2026-01-31 15:46:43 [MainThread      ]   GameAssetManager.cpp:884   INFO| Unloading: WeaponDagger
2026-01-31 15:46:43 [MainThread      ]   GameAssetManager.cpp:889   INFO| 	WeaponDagger bank: 0.00 ms
2026-01-31 15:46:43 [MainThread      ]   GameAssetManager.cpp:896   INFO| 	WeaponDagger package: 0.59 ms
2026-01-31 15:46:43 [MainThread      ]   GameAssetManager.cpp:884   INFO| Unloading: WeaponTorch
2026-01-31 15:46:43 [MainThread      ]   GameAssetManager.cpp:889   INFO| 	WeaponTorch bank: 0.00 ms
2026-01-31 15:46:43 [MainThread      ]   GameAssetManager.cpp:896   INFO| 	WeaponTorch package: 2.03 ms
2026-01-31 15:46:43 [MainThread      ]   GameAssetManager.cpp:884   INFO| Unloading: WeaponLob
2026-01-31 15:46:43 [MainThread      ]   GameAssetManager.cpp:889   INFO| 	WeaponLob bank: 0.00 ms
2026-01-31 15:46:43 [MainThread      ]   GameAssetManager.cpp:896   INFO| 	WeaponLob package: 1.12 ms
2026-01-31 15:46:43 [MainThread      ]   GameAssetManager.cpp:884   INFO| Unloading: WeaponSuit
2026-01-31 15:46:43 [MainThread      ]   GameAssetManager.cpp:889   INFO| 	WeaponSuit bank: 0.00 ms
2026-01-31 15:46:43 [MainThread      ]   GameAssetManager.cpp:896   INFO| 	WeaponSuit package: 2.15 ms
2026-01-31 15:46:43 [MainThread      ]   GameAssetManager.cpp:884   INFO| Unloading: CatFamiliar
2026-01-31 15:46:43 [MainThread      ]   GameAssetManager.cpp:889   INFO| 	CatFamiliar bank: 0.00 ms
2026-01-31 15:46:43 [MainThread      ]   GameAssetManager.cpp:896   INFO| 	CatFamiliar package: 0.02 ms
2026-01-31 15:46:43 [MainThread      ]   GameAssetManager.cpp:884   INFO| Unloading: RavenFamiliar
2026-01-31 15:46:43 [MainThread      ]   GameAssetManager.cpp:889   INFO| 	RavenFamiliar bank: 0.00 ms
2026-01-31 15:46:43 [MainThread      ]   GameAssetManager.cpp:896   INFO| 	RavenFamiliar package: 0.04 ms
2026-01-31 15:46:43 [MainThread      ]              World.cpp:1435  INFO| Finished World::Begin (0.072898 seconds)
2026-01-31 15:46:43 [LoadTaskScheduler]              World.cpp:1263  INFO| Started loadMapDataTask (F_Opening03)
2026-01-31 15:46:43 [LoadTaskScheduler]              World.cpp:1298  INFO| Started preScriptLoadTask
2026-01-31 15:46:43 [LoadTaskScheduler]              World.cpp:1304  INFO| Finished preScriptLoadTask (0.000002 seconds)
2026-01-31 15:46:43 [LoadTaskScheduler]              World.cpp:1313  INFO| Started loadPackagesTask
2026-01-31 15:46:43 [LoadTaskScheduler]   GameAssetManager.cpp:658   INFO| Loading package: BiomeF.pkg
2026-01-31 15:46:43 [LoadTaskScheduler]   GameAssetManager.cpp:571   INFO| Start reading manifest BiomeF
2026-01-31 15:46:43 [LoadTaskScheduler]     BinaryLoadData.cpp:12    INFO| Reading 295086 bytes
2026-01-31 15:46:43 [LoadTaskScheduler]              World.cpp:1292  INFO| Finished loadMapDataTask (0.009432 seconds)
2026-01-31 15:46:43 [LoadTaskScheduler]              World.cpp:1324  INFO| Started postLoadTask
2026-01-31 15:46:43 [LoadTaskScheduler]   GameAssetManager.cpp:632   INFO| Done reading manifest BiomeF
2026-01-31 15:46:43 [LoadTaskScheduler]   GameAssetManager.cpp:687   INFO| Package Loaded: BiomeF 259Mb in 0.29s
2026-01-31 15:46:43 [LoadTaskScheduler]       AudioManager.cpp:966   INFO| Loading bank: BiomeF
2026-01-31 15:46:43 [LoadTaskScheduler]       AudioManager.cpp:981   INFO| Audio bank loaded successfully: BiomeF (13Mb in 0.03s)
2026-01-31 15:46:43 [LoadTaskScheduler]              World.cpp:1317  INFO| Finished loadPackagesTask (0.393111 seconds)
2026-01-31 15:46:43 [LoadTaskScheduler]              World.cpp:1334  INFO| Done waiting for packages and pre-scripts task
2026-01-31 15:46:43 [LoadTaskScheduler]              World.cpp:1341  INFO| Calling PostLoad
2026-01-31 15:46:43 [LoadTaskScheduler]       AudioManager.cpp:1273  INFO| Unloaded Voice bank: ChronosKeepsake in 0.00s
2026-01-31 15:46:43 [LoadTaskScheduler]       AudioManager.cpp:1273  INFO| Unloaded Voice bank: AthenaKeepsake in 0.00s
2026-01-31 15:46:43 [LoadTaskScheduler]       AudioManager.cpp:1273  INFO| Unloaded Voice bank: AresKeepsake in 0.00s
2026-01-31 15:46:43 [LoadTaskScheduler]       AudioManager.cpp:1273  INFO| Unloaded Voice bank: ZagreusKeepsake in 0.00s
2026-01-31 15:46:43 [LoadTaskScheduler]       AudioManager.cpp:1273  INFO| Unloaded Voice bank: HestiaKeepsake in 0.00s
2026-01-31 15:46:43 [LoadTaskScheduler]       AudioManager.cpp:1273  INFO| Unloaded Voice bank: DemeterKeepsake in 0.00s
2026-01-31 15:46:43 [LoadTaskScheduler]       AudioManager.cpp:1273  INFO| Unloaded Voice bank: HecateKeepsake in 0.00s
2026-01-31 15:46:43 [LoadTaskScheduler]       AudioManager.cpp:1273  INFO| Unloaded Voice bank: CirceKeepsake in 0.00s
2026-01-31 15:46:43 [LoadTaskScheduler]       AudioManager.cpp:1273  INFO| Unloaded Voice bank: SeleneKeepsake in 0.00s
2026-01-31 15:46:43 [LoadTaskScheduler]       AudioManager.cpp:1273  INFO| Unloaded Voice bank: HeraKeepsake in 0.00s
2026-01-31 15:46:43 [LoadTaskScheduler]       AudioManager.cpp:1273  INFO| Unloaded Voice bank: PersephoneKeepsake in 0.00s
2026-01-31 15:46:43 [LoadTaskScheduler]       AudioManager.cpp:1273  INFO| Unloaded Voice bank: ErisKeepsake in 0.00s
2026-01-31 15:46:43 [LoadTaskScheduler]       AudioManager.cpp:1273  INFO| Unloaded Voice bank: AphroditeKeepsake in 0.00s
2026-01-31 15:46:43 [LoadTaskScheduler]       AudioManager.cpp:1273  INFO| Unloaded Voice bank: Skelly in 0.00s
2026-01-31 15:46:43 [LoadTaskScheduler]       AudioManager.cpp:1273  INFO| Unloaded Voice bank: PoseidonKeepsake in 0.00s
2026-01-31 15:46:43 [LoadTaskScheduler]       AudioManager.cpp:1273  INFO| Unloaded Voice bank: EchoKeepsake in 0.00s
2026-01-31 15:46:43 [LoadTaskScheduler]       AudioManager.cpp:1273  INFO| Unloaded Voice bank: DoraKeepsake in 0.00s
2026-01-31 15:46:43 [LoadTaskScheduler]       AudioManager.cpp:1273  INFO| Unloaded Voice bank: Selene in 0.00s
2026-01-31 15:46:43 [LoadTaskScheduler]       AudioManager.cpp:1273  INFO| Unloaded Voice bank: CharonKeepsake in 0.00s
2026-01-31 15:46:43 [LoadTaskScheduler]       AudioManager.cpp:1273  INFO| Unloaded Voice bank: NarcissusKeepsake in 0.00s
2026-01-31 15:46:43 [LoadTaskScheduler]       AudioManager.cpp:1273  INFO| Unloaded Voice bank: SkellyKeepsake in 0.00s
2026-01-31 15:46:43 [LoadTaskScheduler]       AudioManager.cpp:1273  INFO| Unloaded Voice bank: ArachneKeepsake in 0.00s
2026-01-31 15:46:43 [LoadTaskScheduler]       AudioManager.cpp:1273  INFO| Unloaded Voice bank: NemesisKeepsake in 0.00s
2026-01-31 15:46:43 [LoadTaskScheduler]       AudioManager.cpp:1273  INFO| Unloaded Voice bank: Chaos in 0.00s
2026-01-31 15:46:43 [LoadTaskScheduler]       AudioManager.cpp:1273  INFO| Unloaded Voice bank: HermesKeepsake in 0.00s
2026-01-31 15:46:43 [LoadTaskScheduler]       AudioManager.cpp:1273  INFO| Unloaded Voice bank: Nyx in 0.00s
2026-01-31 15:46:43 [LoadTaskScheduler]       AudioManager.cpp:1273  INFO| Unloaded Voice bank: ArtemisKeepsake in 0.00s
2026-01-31 15:46:43 [LoadTaskScheduler]       AudioManager.cpp:1273  INFO| Unloaded Voice bank: ZeusKeepsake in 0.00s
2026-01-31 15:46:43 [LoadTaskScheduler]       AudioManager.cpp:1273  INFO| Unloaded Voice bank: ApolloKeepsake in 0.00s
2026-01-31 15:46:43 [LoadTaskScheduler]       AudioManager.cpp:1273  INFO| Unloaded Voice bank: ChaosKeepsake in 0.00s
2026-01-31 15:46:43 [LoadTaskScheduler]       AudioManager.cpp:1273  INFO| Unloaded Voice bank: OdysseusKeepsake in 0.00s
2026-01-31 15:46:43 [LoadTaskScheduler]       AudioManager.cpp:1273  INFO| Unloaded Voice bank: MorosKeepsake in 0.00s
2026-01-31 15:46:43 [LoadTaskScheduler]       AudioManager.cpp:1273  INFO| Unloaded Voice bank: HadesKeepsake in 0.00s
2026-01-31 15:46:43 [LoadTaskScheduler]       AudioManager.cpp:1273  INFO| Unloaded Voice bank: DionysusKeepsake in 0.00s
2026-01-31 15:46:43 [LoadTaskScheduler]       AudioManager.cpp:1273  INFO| Unloaded Voice bank: HeraclesKeepsake in 0.00s
2026-01-31 15:46:43 [LoadTaskScheduler]       AudioManager.cpp:1273  INFO| Unloaded Voice bank: HephaestusKeepsake in 0.00s
2026-01-31 15:46:43 [LoadTaskScheduler]       AudioManager.cpp:1273  INFO| Unloaded Voice bank: IcarusKeepsake in 0.00s
2026-01-31 15:46:43 [LoadTaskScheduler]       AudioManager.cpp:1273  INFO| Unloaded Voice bank: MedeaKeepsake in 0.00s
2026-01-31 15:46:43 [LoadTaskScheduler]              World.cpp:1343  INFO| Finished PostLoad
2026-01-31 15:46:43 [LoadTaskScheduler]              World.cpp:1348  INFO| Finished postLoadTask (0.447005 seconds)
2026-01-31 15:46:44 [MainThread      ]              World.cpp:1359  INFO| Started loadScreen onExit
2026-01-31 15:46:44 [MainThread      ]      ScriptManager.cpp:1001  INFO| Lua GC took 0.21 seconds
2026-01-31 15:46:44 [MainThread      ]       AudioManager.cpp:1233  INFO| Voice bank loaded successfully: Aphrodite (212 lines in 0.006298 seconds)
2026-01-31 15:46:44 [MainThread      ]   GameAssetManager.cpp:658   INFO| Loading package: Aphrodite.pkg
2026-01-31 15:46:44 [MainThread      ]   GameAssetManager.cpp:571   INFO| Start reading manifest Aphrodite
2026-01-31 15:46:44 [MainThread      ]   GameAssetManager.cpp:632   INFO| Done reading manifest Aphrodite
2026-01-31 15:46:44 [MainThread      ]   GameAssetManager.cpp:687   INFO| Package Loaded: Aphrodite 55Mb in 0.04s
2026-01-31 15:46:44 [MainThread      ]   GameAssetManager.cpp:658   INFO| Loading package: AphroditeUpgrade.pkg
2026-01-31 15:46:44 [MainThread      ]   GameAssetManager.cpp:658   INFO| Loading package: WeaponBlink.pkg
2026-01-31 15:46:44 [MainThread      ]   GameAssetManager.cpp:571   INFO| Start reading manifest WeaponBlink
2026-01-31 15:46:44 [MainThread      ]   GameAssetManager.cpp:632   INFO| Done reading manifest WeaponBlink
2026-01-31 15:46:44 [MainThread      ]   GameAssetManager.cpp:687   INFO| Package Loaded: WeaponBlink 2Mb in 0.00s
2026-01-31 15:46:44 [MainThread      ]       AudioManager.cpp:966   INFO| Loading bank: WeaponBlink
2026-01-31 15:46:44 [MainThread      ]       AudioManager.cpp:981   INFO| Audio bank loaded successfully: WeaponBlink (0Mb in 0.03s)
2026-01-31 15:46:44 [MainThread      ]   GameAssetManager.cpp:658   INFO| Loading package: WeaponCast.pkg
2026-01-31 15:46:44 [MainThread      ]   GameAssetManager.cpp:571   INFO| Start reading manifest WeaponCast
2026-01-31 15:46:44 [MainThread      ]   GameAssetManager.cpp:632   INFO| Done reading manifest WeaponCast
2026-01-31 15:46:44 [MainThread      ]   GameAssetManager.cpp:687   INFO| Package Loaded: WeaponCast 36Mb in 0.03s
2026-01-31 15:46:44 [MainThread      ]       AudioManager.cpp:966   INFO| Loading bank: WeaponCast
2026-01-31 15:46:44 [MainThread      ]       AudioManager.cpp:981   INFO| Audio bank loaded successfully: WeaponCast (0Mb in 0.04s)
2026-01-31 15:46:44 [MainThread      ]   GameAssetManager.cpp:658   INFO| Loading package: WeaponAxe.pkg
2026-01-31 15:46:44 [MainThread      ]   GameAssetManager.cpp:571   INFO| Start reading manifest WeaponAxe
2026-01-31 15:46:44 [MainThread      ]   GameAssetManager.cpp:632   INFO| Done reading manifest WeaponAxe
2026-01-31 15:46:44 [MainThread      ]   GameAssetManager.cpp:687   INFO| Package Loaded: WeaponAxe 13Mb in 0.01s
2026-01-31 15:46:44 [MainThread      ]       AudioManager.cpp:966   INFO| Loading bank: WeaponAxe
2026-01-31 15:46:44 [MainThread      ]       AudioManager.cpp:981   INFO| Audio bank loaded successfully: WeaponAxe (0Mb in 0.03s)
2026-01-31 15:46:44 [MainThread      ]              World.cpp:1366  INFO| Finished loadScreen onExit (0.414460 seconds)
2026-01-31 15:46:45 [RenderThread    ]      ForgeRenderer.cpp:7034  INFO| Creating pipeline for effect: ShaderEffectType::RadialBlur blend state 1 depthState 2
2026-01-31 15:46:47 [MainThread      ]   GameAssetManager.cpp:658   INFO| Loading package: AphroditeUpgrade.pkg
2026-01-31 15:47:04 [MainThread      ]     BinarySaveData.cpp:42    INFO| PrepareForWrite dataSize = 9 bytes
2026-01-31 15:47:04 [SmallTaskScheduler]     BinarySaveData.cpp:17    INFO| Writing 9 bytes
2026-01-31 15:47:48 [RenderThread    ]      ForgeRenderer.cpp:7034  INFO| Creating pipeline for effect: ShaderEffectType::MultiplyAndLerp blend state 0 depthState 0
2026-01-31 15:47:49 [RenderThread    ]      ForgeRenderer.cpp:7034  INFO| Creating pipeline for effect: ShaderEffectType::AddColorMultiplyAndLerp blend state 0 depthState 0
2026-01-31 15:47:55 [MainThread      ]    ProgressManager.cpp:1102  INFO| Lua::Save() : 0.011486 s
2026-01-31 15:47:55 [MainThread      ]    ProgressManager.cpp:1034  INFO| GatherSaveData : 0.013791 s
2026-01-31 15:47:55 [MainThread      ]     BinarySaveData.cpp:42    INFO| PrepareForWrite dataSize = 210548 bytes
2026-01-31 15:47:55 [MainThread      ]     BinarySaveData.cpp:47    INFO| PrepareForWrite checksum = d6d802b4 bytes
2026-01-31 15:47:55 [MainThread      ]     BinarySaveData.cpp:42    INFO| PrepareForWrite dataSize = 9 bytes
2026-01-31 15:47:55 [SmallTaskScheduler]     BinarySaveData.cpp:17    INFO| Writing 210548 bytes
2026-01-31 15:47:55 [SmallTaskScheduler]     BinarySaveData.cpp:17    INFO| Writing 9 bytes
2026-01-31 15:48:00 [MainThread      ]     BinarySaveData.cpp:42    INFO| PrepareForWrite dataSize = 9 bytes
2026-01-31 15:48:00 [SmallTaskScheduler]     BinarySaveData.cpp:17    INFO| Writing 9 bytes
2026-01-31 15:48:00 [MainThread      ]   GameAssetManager.cpp:884   INFO| Unloading: Aphrodite
2026-01-31 15:48:00 [MainThread      ]   GameAssetManager.cpp:889   INFO| 	Aphrodite bank: 0.00 ms
2026-01-31 15:48:00 [MainThread      ]   GameAssetManager.cpp:896   INFO| 	Aphrodite package: 0.49 ms
2026-01-31 15:48:00 [MainThread      ]              World.cpp:1373  INFO| World::Begin() F_Opening03 -> F_Combat01
2026-01-31 15:48:00 [MainThread      ]                 Pool.h:210   INFO| Projectile 0 / 217 (max 2) (594kb)
2026-01-31 15:48:00 [MainThread      ]                 Pool.h:210   INFO| HomingProjectile 0 / 108 (max 1) (297kb)
2026-01-31 15:48:00 [MainThread      ]                 Pool.h:210   INFO| BeamProjectile 0 / 81 (max 0) (225kb)
2026-01-31 15:48:00 [MainThread      ]                 Pool.h:210   INFO| LobProjectile 0 / 81 (max 0) (224kb)
2026-01-31 15:48:00 [MainThread      ]                 Pool.h:210   INFO| ArcProjectile 0 / 81 (max 1) (223kb)
2026-01-31 15:48:00 [MainThread      ]                 Pool.h:210   INFO| InstantProjectile 0 / 108 (max 1) (295kb)
2026-01-31 15:48:00 [MainThread      ]                 Pool.h:210   INFO| Effect 0 / 256 (max 8) (79kb)
2026-01-31 15:48:00 [MainThread      ]    ProgressManager.cpp:1102  INFO| Lua::Save() : 0.006737 s
2026-01-31 15:48:00 [MainThread      ]    ProgressManager.cpp:1034  INFO| GatherSaveData : 0.008554 s
2026-01-31 15:48:00 [MainThread      ]     BinarySaveData.cpp:42    INFO| PrepareForWrite dataSize = 216994 bytes
2026-01-31 15:48:00 [MainThread      ]     BinarySaveData.cpp:47    INFO| PrepareForWrite checksum = 3baa4464 bytes
2026-01-31 15:48:00 [MainThread      ]              World.cpp:1435  INFO| Finished World::Begin (0.023666 seconds)
2026-01-31 15:48:00 [LoadTaskScheduler]              World.cpp:1263  INFO| Started loadMapDataTask (F_Combat01)
2026-01-31 15:48:00 [LoadTaskScheduler]              World.cpp:1298  INFO| Started preScriptLoadTask
2026-01-31 15:48:00 [LoadTaskScheduler]              World.cpp:1304  INFO| Finished preScriptLoadTask (0.000001 seconds)
2026-01-31 15:48:00 [LoadTaskScheduler]              World.cpp:1313  INFO| Started loadPackagesTask
2026-01-31 15:48:00 [SmallTaskScheduler]     BinarySaveData.cpp:17    INFO| Writing 216994 bytes
2026-01-31 15:48:00 [LoadTaskScheduler]              World.cpp:1317  INFO| Finished loadPackagesTask (0.000005 seconds)
2026-01-31 15:48:00 [LoadTaskScheduler]              World.cpp:1324  INFO| Started postLoadTask
2026-01-31 15:48:00 [LoadTaskScheduler]              World.cpp:1334  INFO| Done waiting for packages and pre-scripts task
2026-01-31 15:48:00 [LoadTaskScheduler]     BinaryLoadData.cpp:12    INFO| Reading 198664 bytes
2026-01-31 15:48:00 [LoadTaskScheduler]              World.cpp:1292  INFO| Finished loadMapDataTask (0.006808 seconds)
2026-01-31 15:48:00 [LoadTaskScheduler]              World.cpp:1341  INFO| Calling PostLoad
2026-01-31 15:48:00 [LoadTaskScheduler]   GameAssetManager.cpp:658   INFO| Loading package: AphroditeUpgrade.pkg
2026-01-31 15:48:00 [LoadTaskScheduler]       AudioManager.cpp:1273  INFO| Unloaded Voice bank: Aphrodite in 0.00s
2026-01-31 15:48:00 [LoadTaskScheduler]              World.cpp:1343  INFO| Finished PostLoad
2026-01-31 15:48:00 [LoadTaskScheduler]              World.cpp:1348  INFO| Finished postLoadTask (0.039124 seconds)
2026-01-31 15:48:01 [MainThread      ]              World.cpp:1359  INFO| Started loadScreen onExit
2026-01-31 15:48:01 [MainThread      ]      ScriptManager.cpp:1001  INFO| Lua GC took 0.16 seconds
2026-01-31 15:48:01 [MainThread      ]       AudioManager.cpp:1233  INFO| Voice bank loaded successfully: Chaos (352 lines in 0.002129 seconds)
2026-01-31 15:48:01 [MainThread      ]              World.cpp:1366  INFO| Finished loadScreen onExit (0.170270 seconds)
2026-01-31 15:48:04 [RenderThread    ]      ForgeRenderer.cpp:7034  INFO| Creating pipeline for effect: ShaderEffectType::AddColorMultiplyAndLerp blend state 1 depthState 0
2026-01-31 15:48:12 [MainThread      ]    ProgressManager.cpp:1102  INFO| Lua::Save() : 0.011370 s
2026-01-31 15:48:12 [MainThread      ]    ProgressManager.cpp:1034  INFO| GatherSaveData : 0.013718 s
2026-01-31 15:48:12 [MainThread      ]     BinarySaveData.cpp:42    INFO| PrepareForWrite dataSize = 219292 bytes
2026-01-31 15:48:12 [MainThread      ]     BinarySaveData.cpp:47    INFO| PrepareForWrite checksum = 6cc59568 bytes
2026-01-31 15:48:12 [MainThread      ]     BinarySaveData.cpp:42    INFO| PrepareForWrite dataSize = 9 bytes
2026-01-31 15:48:12 [SmallTaskScheduler]     BinarySaveData.cpp:17    INFO| Writing 219292 bytes
2026-01-31 15:48:12 [SmallTaskScheduler]     BinarySaveData.cpp:17    INFO| Writing 9 bytes
2026-01-31 15:48:22 [RenderThread    ]      ForgeRenderer.cpp:7034  INFO| Creating pipeline for effect: ShaderEffectType::MultiplyAndLerp blend state 1 depthState 2
2026-01-31 15:48:24 [MainThread      ]     BinarySaveData.cpp:42    INFO| PrepareForWrite dataSize = 9 bytes
2026-01-31 15:48:24 [SmallTaskScheduler]     BinarySaveData.cpp:17    INFO| Writing 9 bytes
2026-01-31 15:48:25 [MainThread      ]              World.cpp:1373  INFO| World::Begin() F_Combat01 -> Chaos_04
2026-01-31 15:48:25 [MainThread      ]                 Pool.h:210   INFO| Projectile 0 / 217 (max 2) (594kb)
2026-01-31 15:48:25 [MainThread      ]                 Pool.h:210   INFO| HomingProjectile 0 / 108 (max 1) (297kb)
2026-01-31 15:48:25 [MainThread      ]                 Pool.h:210   INFO| BeamProjectile 0 / 81 (max 0) (225kb)
2026-01-31 15:48:25 [MainThread      ]                 Pool.h:210   INFO| LobProjectile 0 / 81 (max 0) (224kb)
2026-01-31 15:48:25 [MainThread      ]                 Pool.h:210   INFO| ArcProjectile 0 / 81 (max 2) (223kb)
2026-01-31 15:48:25 [MainThread      ]                 Pool.h:210   INFO| InstantProjectile 0 / 108 (max 1) (295kb)
2026-01-31 15:48:25 [MainThread      ]                 Pool.h:210   INFO| Effect 0 / 256 (max 8) (79kb)
2026-01-31 15:48:25 [MainThread      ]    ProgressManager.cpp:1102  INFO| Lua::Save() : 0.006863 s
2026-01-31 15:48:25 [MainThread      ]    ProgressManager.cpp:1034  INFO| GatherSaveData : 0.008713 s
2026-01-31 15:48:25 [MainThread      ]     BinarySaveData.cpp:42    INFO| PrepareForWrite dataSize = 213769 bytes
2026-01-31 15:48:25 [MainThread      ]     BinarySaveData.cpp:47    INFO| PrepareForWrite checksum = abe2c7c5 bytes
2026-01-31 15:48:25 [MainThread      ]   GameAssetManager.cpp:884   INFO| Unloading: WeaponBlink
2026-01-31 15:48:25 [MainThread      ]   GameAssetManager.cpp:889   INFO| 	WeaponBlink bank: 0.00 ms
2026-01-31 15:48:25 [MainThread      ]   GameAssetManager.cpp:896   INFO| 	WeaponBlink package: 0.15 ms
2026-01-31 15:48:25 [MainThread      ]   GameAssetManager.cpp:884   INFO| Unloading: WeaponCast
2026-01-31 15:48:25 [MainThread      ]   GameAssetManager.cpp:889   INFO| 	WeaponCast bank: 0.00 ms
2026-01-31 15:48:25 [SmallTaskScheduler]     BinarySaveData.cpp:17    INFO| Writing 213769 bytes
2026-01-31 15:48:25 [MainThread      ]   GameAssetManager.cpp:896   INFO| 	WeaponCast package: 1.38 ms
2026-01-31 15:48:25 [MainThread      ]   GameAssetManager.cpp:884   INFO| Unloading: WeaponAxe
2026-01-31 15:48:25 [MainThread      ]   GameAssetManager.cpp:889   INFO| 	WeaponAxe bank: 0.00 ms
2026-01-31 15:48:25 [MainThread      ]   GameAssetManager.cpp:896   INFO| 	WeaponAxe package: 0.51 ms
2026-01-31 15:48:25 [MainThread      ]   GameAssetManager.cpp:884   INFO| Unloading: BiomeF
2026-01-31 15:48:25 [MainThread      ]   GameAssetManager.cpp:889   INFO| 	BiomeF bank: 0.00 ms
2026-01-31 15:48:25 [MainThread      ]   GameAssetManager.cpp:896   INFO| 	BiomeF package: 3.58 ms
2026-01-31 15:48:25 [MainThread      ]              World.cpp:1435  INFO| Finished World::Begin (0.026099 seconds)
2026-01-31 15:48:25 [LoadTaskScheduler]              World.cpp:1263  INFO| Started loadMapDataTask (Chaos_04)
2026-01-31 15:48:25 [LoadTaskScheduler]              World.cpp:1298  INFO| Started preScriptLoadTask
2026-01-31 15:48:25 [LoadTaskScheduler]              World.cpp:1304  INFO| Finished preScriptLoadTask (0.000001 seconds)
2026-01-31 15:48:25 [LoadTaskScheduler]              World.cpp:1313  INFO| Started loadPackagesTask
2026-01-31 15:48:25 [LoadTaskScheduler]   GameAssetManager.cpp:658   INFO| Loading package: BiomeChaos.pkg
2026-01-31 15:48:25 [LoadTaskScheduler]   GameAssetManager.cpp:571   INFO| Start reading manifest BiomeChaos
2026-01-31 15:48:25 [LoadTaskScheduler]     BinaryLoadData.cpp:12    INFO| Reading 96374 bytes
2026-01-31 15:48:25 [LoadTaskScheduler]   GameAssetManager.cpp:632   INFO| Done reading manifest BiomeChaos
2026-01-31 15:48:25 [LoadTaskScheduler]              World.cpp:1292  INFO| Finished loadMapDataTask (0.004994 seconds)
2026-01-31 15:48:25 [LoadTaskScheduler]              World.cpp:1324  INFO| Started postLoadTask
2026-01-31 15:48:25 [LoadTaskScheduler]   GameAssetManager.cpp:687   INFO| Package Loaded: BiomeChaos 70Mb in 0.06s
2026-01-31 15:48:25 [LoadTaskScheduler]       AudioManager.cpp:966   INFO| Loading bank: BiomeChaos
2026-01-31 15:48:25 [LoadTaskScheduler]       AudioManager.cpp:981   INFO| Audio bank loaded successfully: BiomeChaos (5Mb in 0.03s)
2026-01-31 15:48:25 [LoadTaskScheduler]              World.cpp:1317  INFO| Finished loadPackagesTask (0.090976 seconds)
2026-01-31 15:48:25 [LoadTaskScheduler]              World.cpp:1334  INFO| Done waiting for packages and pre-scripts task
2026-01-31 15:48:25 [LoadTaskScheduler]              World.cpp:1341  INFO| Calling PostLoad
2026-01-31 15:48:25 [LoadTaskScheduler]   GameAssetManager.cpp:658   INFO| Loading package: AphroditeUpgrade.pkg
2026-01-31 15:48:25 [LoadTaskScheduler]       AudioManager.cpp:1273  INFO| Unloaded Voice bank: Chaos in 0.00s
2026-01-31 15:48:25 [LoadTaskScheduler]              World.cpp:1343  INFO| Finished PostLoad
2026-01-31 15:48:25 [LoadTaskScheduler]              World.cpp:1348  INFO| Finished postLoadTask (0.108395 seconds)
2026-01-31 15:48:25 [MainThread      ]              World.cpp:1359  INFO| Started loadScreen onExit
2026-01-31 15:48:25 [MainThread      ]      ScriptManager.cpp:1001  INFO| Lua GC took 0.25 seconds
2026-01-31 15:48:25 [MainThread      ]       AudioManager.cpp:1233  INFO| Voice bank loaded successfully: Chaos (352 lines in 0.002146 seconds)
2026-01-31 15:48:25 [MainThread      ]   GameAssetManager.cpp:658   INFO| Loading package: Chaos.pkg
2026-01-31 15:48:25 [MainThread      ]   GameAssetManager.cpp:571   INFO| Start reading manifest Chaos
2026-01-31 15:48:25 [MainThread      ]   GameAssetManager.cpp:632   INFO| Done reading manifest Chaos
2026-01-31 15:48:25 [MainThread      ]   GameAssetManager.cpp:687   INFO| Package Loaded: Chaos 56Mb in 0.05s
2026-01-31 15:48:25 [MainThread      ]   GameAssetManager.cpp:658   INFO| Loading package: TrialUpgrade.pkg
2026-01-31 15:48:25 [MainThread      ]   GameAssetManager.cpp:658   INFO| Loading package: WeaponBlink.pkg
2026-01-31 15:48:25 [MainThread      ]   GameAssetManager.cpp:571   INFO| Start reading manifest WeaponBlink
2026-01-31 15:48:25 [MainThread      ]   GameAssetManager.cpp:632   INFO| Done reading manifest WeaponBlink
2026-01-31 15:48:25 [MainThread      ]   GameAssetManager.cpp:687   INFO| Package Loaded: WeaponBlink 2Mb in 0.00s
2026-01-31 15:48:25 [MainThread      ]       AudioManager.cpp:966   INFO| Loading bank: WeaponBlink
2026-01-31 15:48:25 [MainThread      ]       AudioManager.cpp:981   INFO| Audio bank loaded successfully: WeaponBlink (0Mb in 0.04s)
2026-01-31 15:48:25 [MainThread      ]   GameAssetManager.cpp:658   INFO| Loading package: WeaponCast.pkg
2026-01-31 15:48:25 [MainThread      ]   GameAssetManager.cpp:571   INFO| Start reading manifest WeaponCast
2026-01-31 15:48:25 [MainThread      ]   GameAssetManager.cpp:632   INFO| Done reading manifest WeaponCast
2026-01-31 15:48:25 [MainThread      ]   GameAssetManager.cpp:687   INFO| Package Loaded: WeaponCast 36Mb in 0.03s
2026-01-31 15:48:25 [MainThread      ]       AudioManager.cpp:966   INFO| Loading bank: WeaponCast
2026-01-31 15:48:25 [MainThread      ]       AudioManager.cpp:981   INFO| Audio bank loaded successfully: WeaponCast (0Mb in 0.02s)
2026-01-31 15:48:25 [MainThread      ]   GameAssetManager.cpp:658   INFO| Loading package: WeaponAxe.pkg
2026-01-31 15:48:25 [MainThread      ]   GameAssetManager.cpp:571   INFO| Start reading manifest WeaponAxe
2026-01-31 15:48:25 [MainThread      ]   GameAssetManager.cpp:632   INFO| Done reading manifest WeaponAxe
2026-01-31 15:48:25 [MainThread      ]   GameAssetManager.cpp:687   INFO| Package Loaded: WeaponAxe 13Mb in 0.01s
2026-01-31 15:48:25 [MainThread      ]       AudioManager.cpp:966   INFO| Loading bank: WeaponAxe
2026-01-31 15:48:25 [MainThread      ]       AudioManager.cpp:981   INFO| Audio bank loaded successfully: WeaponAxe (0Mb in 0.03s)
2026-01-31 15:48:25 [MainThread      ]              World.cpp:1366  INFO| Finished loadScreen onExit (0.462822 seconds)
2026-01-31 15:48:26 [MainThread      ]   GameAssetManager.cpp:658   INFO| Loading package: TrialUpgrade.pkg
2026-01-31 15:48:44 [MainThread      ]     BinarySaveData.cpp:42    INFO| PrepareForWrite dataSize = 9 bytes
2026-01-31 15:48:44 [SmallTaskScheduler]     BinarySaveData.cpp:17    INFO| Writing 9 bytes
2026-01-31 15:49:07 [MainThread      ]     BinarySaveData.cpp:42    INFO| PrepareForWrite dataSize = 9 bytes
2026-01-31 15:49:07 [SmallTaskScheduler]     BinarySaveData.cpp:17    INFO| Writing 9 bytes
2026-01-31 15:49:07 [MainThread      ]   GameAssetManager.cpp:884   INFO| Unloading: Chaos
2026-01-31 15:49:07 [MainThread      ]   GameAssetManager.cpp:889   INFO| 	Chaos bank: 0.00 ms
2026-01-31 15:49:07 [MainThread      ]   GameAssetManager.cpp:896   INFO| 	Chaos package: 0.22 ms
2026-01-31 15:49:07 [MainThread      ]              World.cpp:1373  INFO| World::Begin() Chaos_04 -> F_Combat09
2026-01-31 15:49:07 [MainThread      ]                 Pool.h:210   INFO| Projectile 0 / 217 (max 2) (594kb)
2026-01-31 15:49:07 [MainThread      ]                 Pool.h:210   INFO| HomingProjectile 0 / 108 (max 1) (297kb)
2026-01-31 15:49:07 [MainThread      ]                 Pool.h:210   INFO| BeamProjectile 0 / 81 (max 0) (225kb)
2026-01-31 15:49:07 [MainThread      ]                 Pool.h:210   INFO| LobProjectile 0 / 81 (max 0) (224kb)
2026-01-31 15:49:07 [MainThread      ]                 Pool.h:210   INFO| ArcProjectile 0 / 81 (max 2) (223kb)
2026-01-31 15:49:07 [MainThread      ]                 Pool.h:210   INFO| InstantProjectile 0 / 108 (max 1) (295kb)
2026-01-31 15:49:07 [MainThread      ]                 Pool.h:210   INFO| Effect 0 / 256 (max 8) (79kb)
2026-01-31 15:49:07 [MainThread      ]    ProgressManager.cpp:1102  INFO| Lua::Save() : 0.006943 s
2026-01-31 15:49:07 [MainThread      ]    ProgressManager.cpp:1034  INFO| GatherSaveData : 0.008740 s
2026-01-31 15:49:07 [MainThread      ]     BinarySaveData.cpp:42    INFO| PrepareForWrite dataSize = 213536 bytes
2026-01-31 15:49:07 [MainThread      ]     BinarySaveData.cpp:47    INFO| PrepareForWrite checksum = 206a90f1 bytes
2026-01-31 15:49:07 [MainThread      ]   GameAssetManager.cpp:884   INFO| Unloading: WeaponBlink
2026-01-31 15:49:07 [MainThread      ]   GameAssetManager.cpp:889   INFO| 	WeaponBlink bank: 0.00 ms
2026-01-31 15:49:07 [MainThread      ]   GameAssetManager.cpp:896   INFO| 	WeaponBlink package: 0.17 ms
2026-01-31 15:49:07 [MainThread      ]   GameAssetManager.cpp:884   INFO| Unloading: WeaponCast
2026-01-31 15:49:07 [MainThread      ]   GameAssetManager.cpp:889   INFO| 	WeaponCast bank: 0.00 ms
2026-01-31 15:49:07 [MainThread      ]   GameAssetManager.cpp:896   INFO| 	WeaponCast package: 1.34 ms
2026-01-31 15:49:07 [MainThread      ]   GameAssetManager.cpp:884   INFO| Unloading: WeaponAxe
2026-01-31 15:49:07 [MainThread      ]   GameAssetManager.cpp:889   INFO| 	WeaponAxe bank: 0.00 ms
2026-01-31 15:49:07 [SmallTaskScheduler]     BinarySaveData.cpp:17    INFO| Writing 213536 bytes
2026-01-31 15:49:07 [MainThread      ]   GameAssetManager.cpp:896   INFO| 	WeaponAxe package: 0.50 ms
2026-01-31 15:49:07 [MainThread      ]   GameAssetManager.cpp:884   INFO| Unloading: BiomeChaos
2026-01-31 15:49:07 [MainThread      ]   GameAssetManager.cpp:889   INFO| 	BiomeChaos bank: 0.00 ms
2026-01-31 15:49:07 [MainThread      ]   GameAssetManager.cpp:896   INFO| 	BiomeChaos package: 0.67 ms
2026-01-31 15:49:07 [MainThread      ]              World.cpp:1435  INFO| Finished World::Begin (0.019638 seconds)
2026-01-31 15:49:07 [LoadTaskScheduler]              World.cpp:1263  INFO| Started loadMapDataTask (F_Combat09)
2026-01-31 15:49:07 [LoadTaskScheduler]              World.cpp:1298  INFO| Started preScriptLoadTask
2026-01-31 15:49:07 [LoadTaskScheduler]              World.cpp:1304  INFO| Finished preScriptLoadTask (0.000001 seconds)
2026-01-31 15:49:07 [LoadTaskScheduler]              World.cpp:1313  INFO| Started loadPackagesTask
2026-01-31 15:49:07 [LoadTaskScheduler]   GameAssetManager.cpp:658   INFO| Loading package: BiomeF.pkg
2026-01-31 15:49:07 [LoadTaskScheduler]   GameAssetManager.cpp:571   INFO| Start reading manifest BiomeF
2026-01-31 15:49:07 [LoadTaskScheduler]     BinaryLoadData.cpp:12    INFO| Reading 170587 bytes
2026-01-31 15:49:07 [LoadTaskScheduler]              World.cpp:1292  INFO| Finished loadMapDataTask (0.004630 seconds)
2026-01-31 15:49:07 [LoadTaskScheduler]              World.cpp:1324  INFO| Started postLoadTask
2026-01-31 15:49:07 [LoadTaskScheduler]   GameAssetManager.cpp:632   INFO| Done reading manifest BiomeF
2026-01-31 15:49:07 [LoadTaskScheduler]   GameAssetManager.cpp:687   INFO| Package Loaded: BiomeF 259Mb in 0.24s
2026-01-31 15:49:07 [LoadTaskScheduler]       AudioManager.cpp:966   INFO| Loading bank: BiomeF
2026-01-31 15:49:07 [LoadTaskScheduler]       AudioManager.cpp:981   INFO| Audio bank loaded successfully: BiomeF (13Mb in 0.04s)
2026-01-31 15:49:07 [LoadTaskScheduler]              World.cpp:1317  INFO| Finished loadPackagesTask (0.283446 seconds)
2026-01-31 15:49:07 [LoadTaskScheduler]              World.cpp:1334  INFO| Done waiting for packages and pre-scripts task
2026-01-31 15:49:07 [LoadTaskScheduler]              World.cpp:1341  INFO| Calling PostLoad
2026-01-31 15:49:07 [LoadTaskScheduler]   GameAssetManager.cpp:658   INFO| Loading package: TrialUpgrade.pkg
2026-01-31 15:49:07 [LoadTaskScheduler]   GameAssetManager.cpp:658   INFO| Loading package: AphroditeUpgrade.pkg
2026-01-31 15:49:07 [LoadTaskScheduler]       AudioManager.cpp:1273  INFO| Unloaded Voice bank: Chaos in 0.00s
2026-01-31 15:49:07 [LoadTaskScheduler]              World.cpp:1343  INFO| Finished PostLoad
2026-01-31 15:49:07 [LoadTaskScheduler]              World.cpp:1348  INFO| Finished postLoadTask (0.323999 seconds)
2026-01-31 15:49:07 [MainThread      ]              World.cpp:1359  INFO| Started loadScreen onExit
2026-01-31 15:49:08 [MainThread      ]      ScriptManager.cpp:1001  INFO| Lua GC took 0.23 seconds
2026-01-31 15:49:08 [MainThread      ]   GameAssetManager.cpp:658   INFO| Loading package: WeaponBlink.pkg
2026-01-31 15:49:08 [MainThread      ]   GameAssetManager.cpp:571   INFO| Start reading manifest WeaponBlink
2026-01-31 15:49:08 [MainThread      ]   GameAssetManager.cpp:632   INFO| Done reading manifest WeaponBlink
2026-01-31 15:49:08 [MainThread      ]   GameAssetManager.cpp:687   INFO| Package Loaded: WeaponBlink 2Mb in 0.00s
2026-01-31 15:49:08 [MainThread      ]       AudioManager.cpp:966   INFO| Loading bank: WeaponBlink
2026-01-31 15:49:08 [MainThread      ]       AudioManager.cpp:981   INFO| Audio bank loaded successfully: WeaponBlink (0Mb in 0.02s)
2026-01-31 15:49:08 [MainThread      ]   GameAssetManager.cpp:658   INFO| Loading package: WeaponCast.pkg
2026-01-31 15:49:08 [MainThread      ]   GameAssetManager.cpp:571   INFO| Start reading manifest WeaponCast
2026-01-31 15:49:08 [MainThread      ]   GameAssetManager.cpp:632   INFO| Done reading manifest WeaponCast
2026-01-31 15:49:08 [MainThread      ]   GameAssetManager.cpp:687   INFO| Package Loaded: WeaponCast 36Mb in 0.03s
2026-01-31 15:49:08 [MainThread      ]       AudioManager.cpp:966   INFO| Loading bank: WeaponCast
2026-01-31 15:49:08 [MainThread      ]       AudioManager.cpp:981   INFO| Audio bank loaded successfully: WeaponCast (0Mb in 0.04s)
2026-01-31 15:49:08 [MainThread      ]   GameAssetManager.cpp:658   INFO| Loading package: WeaponAxe.pkg
2026-01-31 15:49:08 [MainThread      ]   GameAssetManager.cpp:571   INFO| Start reading manifest WeaponAxe
2026-01-31 15:49:08 [MainThread      ]   GameAssetManager.cpp:632   INFO| Done reading manifest WeaponAxe
2026-01-31 15:49:08 [MainThread      ]   GameAssetManager.cpp:687   INFO| Package Loaded: WeaponAxe 13Mb in 0.01s
2026-01-31 15:49:08 [MainThread      ]       AudioManager.cpp:966   INFO| Loading bank: WeaponAxe
2026-01-31 15:49:08 [MainThread      ]       AudioManager.cpp:981   INFO| Audio bank loaded successfully: WeaponAxe (0Mb in 0.03s)
2026-01-31 15:49:08 [MainThread      ]       AudioManager.cpp:1233  INFO| Voice bank loaded successfully: Chaos (352 lines in 0.002123 seconds)
2026-01-31 15:49:08 [MainThread      ]       AudioManager.cpp:1233  INFO| Voice bank loaded successfully: Selene (469 lines in 0.002290 seconds)
2026-01-31 15:49:08 [MainThread      ]              World.cpp:1366  INFO| Finished loadScreen onExit (0.384846 seconds)
2026-01-31 15:49:38 [MainThread      ]    ProgressManager.cpp:1102  INFO| Lua::Save() : 0.010656 s
2026-01-31 15:49:38 [MainThread      ]    ProgressManager.cpp:1034  INFO| GatherSaveData : 0.012823 s
2026-01-31 15:49:38 [MainThread      ]     BinarySaveData.cpp:42    INFO| PrepareForWrite dataSize = 215442 bytes
2026-01-31 15:49:38 [MainThread      ]     BinarySaveData.cpp:47    INFO| PrepareForWrite checksum = eae46599 bytes
2026-01-31 15:49:38 [MainThread      ]     BinarySaveData.cpp:42    INFO| PrepareForWrite dataSize = 9 bytes
2026-01-31 15:49:38 [SmallTaskScheduler]     BinarySaveData.cpp:17    INFO| Writing 215442 bytes
2026-01-31 15:49:38 [SmallTaskScheduler]     BinarySaveData.cpp:17    INFO| Writing 9 bytes
2026-01-31 15:49:52 [MainThread      ]     BinarySaveData.cpp:42    INFO| PrepareForWrite dataSize = 9 bytes
2026-01-31 15:49:52 [SmallTaskScheduler]     BinarySaveData.cpp:17    INFO| Writing 9 bytes
2026-01-31 15:49:52 [MainThread      ]              World.cpp:1373  INFO| World::Begin() F_Combat09 -> F_Combat02
2026-01-31 15:49:52 [MainThread      ]                 Pool.h:210   INFO| Projectile 0 / 217 (max 2) (594kb)
2026-01-31 15:49:52 [MainThread      ]                 Pool.h:210   INFO| HomingProjectile 0 / 108 (max 3) (297kb)
2026-01-31 15:49:52 [MainThread      ]                 Pool.h:210   INFO| BeamProjectile 0 / 81 (max 0) (225kb)
2026-01-31 15:49:52 [MainThread      ]                 Pool.h:210   INFO| LobProjectile 0 / 81 (max 0) (224kb)
2026-01-31 15:49:52 [MainThread      ]                 Pool.h:210   INFO| ArcProjectile 0 / 81 (max 2) (223kb)
2026-01-31 15:49:52 [MainThread      ]                 Pool.h:210   INFO| InstantProjectile 0 / 108 (max 1) (295kb)
2026-01-31 15:49:52 [MainThread      ]                 Pool.h:210   INFO| Effect 0 / 256 (max 13) (79kb)
2026-01-31 15:49:52 [MainThread      ]    ProgressManager.cpp:1102  INFO| Lua::Save() : 0.007479 s
2026-01-31 15:49:52 [MainThread      ]    ProgressManager.cpp:1034  INFO| GatherSaveData : 0.009439 s
2026-01-31 15:49:52 [MainThread      ]     BinarySaveData.cpp:42    INFO| PrepareForWrite dataSize = 217122 bytes
2026-01-31 15:49:52 [MainThread      ]     BinarySaveData.cpp:47    INFO| PrepareForWrite checksum = b0529d13 bytes
2026-01-31 15:49:52 [SmallTaskScheduler]     BinarySaveData.cpp:17    INFO| Writing 217122 bytes
2026-01-31 15:49:52 [MainThread      ]              World.cpp:1435  INFO| Finished World::Begin (0.020267 seconds)
2026-01-31 15:49:52 [LoadTaskScheduler]              World.cpp:1263  INFO| Started loadMapDataTask (F_Combat02)
2026-01-31 15:49:52 [LoadTaskScheduler]              World.cpp:1298  INFO| Started preScriptLoadTask
2026-01-31 15:49:52 [LoadTaskScheduler]              World.cpp:1304  INFO| Finished preScriptLoadTask (0.000001 seconds)
2026-01-31 15:49:52 [LoadTaskScheduler]              World.cpp:1313  INFO| Started loadPackagesTask
2026-01-31 15:49:52 [LoadTaskScheduler]              World.cpp:1317  INFO| Finished loadPackagesTask (0.000006 seconds)
2026-01-31 15:49:52 [LoadTaskScheduler]              World.cpp:1324  INFO| Started postLoadTask
2026-01-31 15:49:52 [LoadTaskScheduler]              World.cpp:1334  INFO| Done waiting for packages and pre-scripts task
2026-01-31 15:49:52 [LoadTaskScheduler]     BinaryLoadData.cpp:12    INFO| Reading 173434 bytes
2026-01-31 15:49:52 [LoadTaskScheduler]              World.cpp:1292  INFO| Finished loadMapDataTask (0.028949 seconds)
2026-01-31 15:49:52 [LoadTaskScheduler]              World.cpp:1341  INFO| Calling PostLoad
2026-01-31 15:49:52 [LoadTaskScheduler]   GameAssetManager.cpp:658   INFO| Loading package: TrialUpgrade.pkg
2026-01-31 15:49:52 [LoadTaskScheduler]   GameAssetManager.cpp:658   INFO| Loading package: AphroditeUpgrade.pkg
2026-01-31 15:49:52 [LoadTaskScheduler]       AudioManager.cpp:1273  INFO| Unloaded Voice bank: Selene in 0.00s
2026-01-31 15:49:52 [LoadTaskScheduler]       AudioManager.cpp:1273  INFO| Unloaded Voice bank: Chaos in 0.00s
2026-01-31 15:49:52 [LoadTaskScheduler]              World.cpp:1343  INFO| Finished PostLoad
2026-01-31 15:49:52 [LoadTaskScheduler]              World.cpp:1348  INFO| Finished postLoadTask (0.059546 seconds)
2026-01-31 15:49:52 [MainThread      ]              World.cpp:1359  INFO| Started loadScreen onExit
2026-01-31 15:49:52 [MainThread      ]      ScriptManager.cpp:1001  INFO| Lua GC took 0.26 seconds
2026-01-31 15:49:52 [MainThread      ]       AudioManager.cpp:1233  INFO| Voice bank loaded successfully: Chaos (352 lines in 0.002466 seconds)
2026-01-31 15:49:52 [MainThread      ]              World.cpp:1366  INFO| Finished loadScreen onExit (0.274727 seconds)
2026-01-31 15:49:52 [RenderThread    ]      ForgeRenderer.cpp:7034  INFO| Creating pipeline for effect: ShaderEffectType::Multiplicative blend state 7 depthState 0
2026-01-31 15:50:14 [MainThread      ]    ProgressManager.cpp:1102  INFO| Lua::Save() : 0.011749 s
2026-01-31 15:50:14 [MainThread      ]    ProgressManager.cpp:1034  INFO| GatherSaveData : 0.013675 s
2026-01-31 15:50:14 [MainThread      ]     BinarySaveData.cpp:42    INFO| PrepareForWrite dataSize = 219728 bytes
2026-01-31 15:50:14 [MainThread      ]     BinarySaveData.cpp:47    INFO| PrepareForWrite checksum = 90be14a5 bytes
2026-01-31 15:50:14 [MainThread      ]     BinarySaveData.cpp:42    INFO| PrepareForWrite dataSize = 9 bytes
2026-01-31 15:50:14 [SmallTaskScheduler]     BinarySaveData.cpp:17    INFO| Writing 219728 bytes
2026-01-31 15:50:14 [SmallTaskScheduler]     BinarySaveData.cpp:17    INFO| Writing 9 bytes
2026-01-31 15:50:42 [MainThread      ]     BinarySaveData.cpp:42    INFO| PrepareForWrite dataSize = 9 bytes
2026-01-31 15:50:42 [SmallTaskScheduler]     BinarySaveData.cpp:17    INFO| Writing 9 bytes
2026-01-31 15:50:42 [MainThread      ]              World.cpp:1373  INFO| World::Begin() F_Combat02 -> F_MiniBoss02
2026-01-31 15:50:42 [MainThread      ]                 Pool.h:210   INFO| Projectile 0 / 217 (max 2) (594kb)
2026-01-31 15:50:42 [MainThread      ]                 Pool.h:210   INFO| HomingProjectile 0 / 108 (max 3) (297kb)
2026-01-31 15:50:42 [MainThread      ]                 Pool.h:210   INFO| BeamProjectile 0 / 81 (max 0) (225kb)
2026-01-31 15:50:42 [MainThread      ]                 Pool.h:210   INFO| LobProjectile 0 / 81 (max 0) (224kb)
2026-01-31 15:50:42 [MainThread      ]                 Pool.h:210   INFO| ArcProjectile 0 / 81 (max 4) (223kb)
2026-01-31 15:50:42 [MainThread      ]                 Pool.h:210   INFO| InstantProjectile 0 / 108 (max 1) (295kb)
2026-01-31 15:50:42 [MainThread      ]                 Pool.h:210   INFO| Effect 0 / 256 (max 13) (79kb)
2026-01-31 15:50:42 [MainThread      ]    ProgressManager.cpp:1102  INFO| Lua::Save() : 0.007802 s
2026-01-31 15:50:42 [MainThread      ]    ProgressManager.cpp:1034  INFO| GatherSaveData : 0.010056 s
2026-01-31 15:50:42 [MainThread      ]     BinarySaveData.cpp:42    INFO| PrepareForWrite dataSize = 220418 bytes
2026-01-31 15:50:42 [MainThread      ]     BinarySaveData.cpp:47    INFO| PrepareForWrite checksum = cd243488 bytes
2026-01-31 15:50:42 [MainThread      ]              World.cpp:1435  INFO| Finished World::Begin (0.021493 seconds)
2026-01-31 15:50:42 [LoadTaskScheduler]              World.cpp:1263  INFO| Started loadMapDataTask (F_MiniBoss02)
2026-01-31 15:50:42 [LoadTaskScheduler]              World.cpp:1298  INFO| Started preScriptLoadTask
2026-01-31 15:50:42 [LoadTaskScheduler]              World.cpp:1304  INFO| Finished preScriptLoadTask (0.000001 seconds)
2026-01-31 15:50:42 [LoadTaskScheduler]              World.cpp:1313  INFO| Started loadPackagesTask
2026-01-31 15:50:42 [LoadTaskScheduler]              World.cpp:1317  INFO| Finished loadPackagesTask (0.000004 seconds)
2026-01-31 15:50:42 [LoadTaskScheduler]              World.cpp:1324  INFO| Started postLoadTask
2026-01-31 15:50:42 [LoadTaskScheduler]              World.cpp:1334  INFO| Done waiting for packages and pre-scripts task
2026-01-31 15:50:42 [SmallTaskScheduler]     BinarySaveData.cpp:17    INFO| Writing 220418 bytes
2026-01-31 15:50:42 [LoadTaskScheduler]     BinaryLoadData.cpp:12    INFO| Reading 285170 bytes
2026-01-31 15:50:42 [LoadTaskScheduler]              World.cpp:1292  INFO| Finished loadMapDataTask (0.030298 seconds)
2026-01-31 15:50:42 [LoadTaskScheduler]              World.cpp:1341  INFO| Calling PostLoad
2026-01-31 15:50:42 [LoadTaskScheduler]   GameAssetManager.cpp:658   INFO| Loading package: TrialUpgrade.pkg
2026-01-31 15:50:42 [LoadTaskScheduler]   GameAssetManager.cpp:658   INFO| Loading package: AphroditeUpgrade.pkg
2026-01-31 15:50:42 [LoadTaskScheduler]       AudioManager.cpp:1273  INFO| Unloaded Voice bank: Chaos in 0.00s
2026-01-31 15:50:42 [LoadTaskScheduler]              World.cpp:1343  INFO| Finished PostLoad
2026-01-31 15:50:42 [LoadTaskScheduler]              World.cpp:1348  INFO| Finished postLoadTask (0.077196 seconds)
2026-01-31 15:50:42 [MainThread      ]              World.cpp:1359  INFO| Started loadScreen onExit
2026-01-31 15:50:43 [MainThread      ]      ScriptManager.cpp:1001  INFO| Lua GC took 0.25 seconds
2026-01-31 15:50:43 [MainThread      ]       AudioManager.cpp:1233  INFO| Voice bank loaded successfully: Aphrodite (212 lines in 0.002075 seconds)
2026-01-31 15:50:43 [MainThread      ]   GameAssetManager.cpp:658   INFO| Loading package: Aphrodite.pkg
2026-01-31 15:50:43 [MainThread      ]   GameAssetManager.cpp:571   INFO| Start reading manifest Aphrodite
2026-01-31 15:50:43 [MainThread      ]   GameAssetManager.cpp:632   INFO| Done reading manifest Aphrodite
2026-01-31 15:50:43 [MainThread      ]   GameAssetManager.cpp:687   INFO| Package Loaded: Aphrodite 55Mb in 0.04s
2026-01-31 15:50:43 [MainThread      ]   GameAssetManager.cpp:658   INFO| Loading package: AphroditeUpgrade.pkg
2026-01-31 15:50:43 [MainThread      ]       AudioManager.cpp:1233  INFO| Voice bank loaded successfully: Chaos (352 lines in 0.002324 seconds)
2026-01-31 15:50:43 [MainThread      ]       AudioManager.cpp:1233  INFO| Voice bank loaded successfully: Selene (469 lines in 0.002693 seconds)
2026-01-31 15:50:43 [MainThread      ]              World.cpp:1366  INFO| Finished loadScreen onExit (0.306643 seconds)
2026-01-31 15:51:01 [MainThread      ]     BinarySaveData.cpp:42    INFO| PrepareForWrite dataSize = 9 bytes
2026-01-31 15:51:01 [SmallTaskScheduler]     BinarySaveData.cpp:17    INFO| Writing 9 bytes
2026-01-31 15:51:30 [MainThread      ]   GameAssetManager.cpp:658   INFO| Loading package: AphroditeUpgrade.pkg
2026-01-31 15:52:06 [MainThread      ]    ProgressManager.cpp:1102  INFO| Lua::Save() : 0.010952 s
2026-01-31 15:52:06 [MainThread      ]    ProgressManager.cpp:1034  INFO| GatherSaveData : 0.013450 s
2026-01-31 15:52:06 [MainThread      ]     BinarySaveData.cpp:42    INFO| PrepareForWrite dataSize = 222094 bytes
2026-01-31 15:52:06 [MainThread      ]     BinarySaveData.cpp:47    INFO| PrepareForWrite checksum = ac10c3c6 bytes
2026-01-31 15:52:06 [MainThread      ]     BinarySaveData.cpp:42    INFO| PrepareForWrite dataSize = 9 bytes
2026-01-31 15:52:06 [SmallTaskScheduler]     BinarySaveData.cpp:17    INFO| Writing 222094 bytes
2026-01-31 15:52:06 [SmallTaskScheduler]     BinarySaveData.cpp:17    INFO| Writing 9 bytes
2026-01-31 15:52:17 [MainThread      ]     BinarySaveData.cpp:42    INFO| PrepareForWrite dataSize = 9 bytes
2026-01-31 15:52:17 [SmallTaskScheduler]     BinarySaveData.cpp:17    INFO| Writing 9 bytes
2026-01-31 15:52:17 [MainThread      ]   GameAssetManager.cpp:884   INFO| Unloading: Aphrodite
2026-01-31 15:52:17 [MainThread      ]   GameAssetManager.cpp:889   INFO| 	Aphrodite bank: 0.00 ms
2026-01-31 15:52:17 [MainThread      ]   GameAssetManager.cpp:896   INFO| 	Aphrodite package: 0.58 ms
2026-01-31 15:52:17 [MainThread      ]              World.cpp:1373  INFO| World::Begin() F_MiniBoss02 -> F_Combat12
2026-01-31 15:52:17 [MainThread      ]                 Pool.h:210   INFO| Projectile 0 / 217 (max 2) (594kb)
2026-01-31 15:52:17 [MainThread      ]                 Pool.h:210   INFO| HomingProjectile 0 / 108 (max 6) (297kb)
2026-01-31 15:52:17 [MainThread      ]                 Pool.h:210   INFO| BeamProjectile 0 / 81 (max 0) (225kb)
2026-01-31 15:52:17 [MainThread      ]                 Pool.h:210   INFO| LobProjectile 0 / 81 (max 0) (224kb)
2026-01-31 15:52:17 [MainThread      ]                 Pool.h:210   INFO| ArcProjectile 0 / 81 (max 4) (223kb)
2026-01-31 15:52:17 [MainThread      ]                 Pool.h:210   INFO| InstantProjectile 0 / 108 (max 2) (295kb)
2026-01-31 15:52:18 [MainThread      ]                 Pool.h:210   INFO| Effect 0 / 256 (max 13) (79kb)
2026-01-31 15:52:18 [MainThread      ]    ProgressManager.cpp:1102  INFO| Lua::Save() : 0.008269 s
2026-01-31 15:52:18 [MainThread      ]    ProgressManager.cpp:1034  INFO| GatherSaveData : 0.010134 s
2026-01-31 15:52:18 [MainThread      ]     BinarySaveData.cpp:42    INFO| PrepareForWrite dataSize = 218481 bytes
2026-01-31 15:52:18 [MainThread      ]     BinarySaveData.cpp:47    INFO| PrepareForWrite checksum = 92282548 bytes
2026-01-31 15:52:18 [MainThread      ]              World.cpp:1435  INFO| Finished World::Begin (0.026839 seconds)
2026-01-31 15:52:18 [LoadTaskScheduler]              World.cpp:1263  INFO| Started loadMapDataTask (F_Combat12)
2026-01-31 15:52:18 [LoadTaskScheduler]              World.cpp:1298  INFO| Started preScriptLoadTask
2026-01-31 15:52:18 [LoadTaskScheduler]              World.cpp:1304  INFO| Finished preScriptLoadTask (0.000000 seconds)
2026-01-31 15:52:18 [LoadTaskScheduler]              World.cpp:1313  INFO| Started loadPackagesTask
2026-01-31 15:52:18 [LoadTaskScheduler]              World.cpp:1317  INFO| Finished loadPackagesTask (0.000007 seconds)
2026-01-31 15:52:18 [LoadTaskScheduler]              World.cpp:1324  INFO| Started postLoadTask
2026-01-31 15:52:18 [LoadTaskScheduler]              World.cpp:1334  INFO| Done waiting for packages and pre-scripts task
2026-01-31 15:52:18 [SmallTaskScheduler]     BinarySaveData.cpp:17    INFO| Writing 218481 bytes
2026-01-31 15:52:18 [LoadTaskScheduler]     BinaryLoadData.cpp:12    INFO| Reading 253050 bytes
2026-01-31 15:52:18 [LoadTaskScheduler]              World.cpp:1292  INFO| Finished loadMapDataTask (0.029967 seconds)
2026-01-31 15:52:18 [LoadTaskScheduler]              World.cpp:1341  INFO| Calling PostLoad
2026-01-31 15:52:18 [LoadTaskScheduler]   GameAssetManager.cpp:658   INFO| Loading package: TrialUpgrade.pkg
2026-01-31 15:52:18 [LoadTaskScheduler]   GameAssetManager.cpp:658   INFO| Loading package: AphroditeUpgrade.pkg
2026-01-31 15:52:18 [LoadTaskScheduler]       AudioManager.cpp:1273  INFO| Unloaded Voice bank: Aphrodite in 0.00s
2026-01-31 15:52:18 [LoadTaskScheduler]       AudioManager.cpp:1273  INFO| Unloaded Voice bank: Selene in 0.00s
2026-01-31 15:52:18 [LoadTaskScheduler]       AudioManager.cpp:1273  INFO| Unloaded Voice bank: Chaos in 0.00s
2026-01-31 15:52:18 [LoadTaskScheduler]              World.cpp:1343  INFO| Finished PostLoad
2026-01-31 15:52:18 [LoadTaskScheduler]              World.cpp:1348  INFO| Finished postLoadTask (0.072405 seconds)
2026-01-31 15:52:18 [MainThread      ]              World.cpp:1359  INFO| Started loadScreen onExit
2026-01-31 15:52:18 [MainThread      ]      ScriptManager.cpp:1001  INFO| Lua GC took 0.18 seconds
2026-01-31 15:52:18 [MainThread      ]       AudioManager.cpp:1233  INFO| Voice bank loaded successfully: Apollo (240 lines in 0.007754 seconds)
2026-01-31 15:52:18 [MainThread      ]   GameAssetManager.cpp:658   INFO| Loading package: Apollo.pkg
2026-01-31 15:52:18 [MainThread      ]   GameAssetManager.cpp:571   INFO| Start reading manifest Apollo
2026-01-31 15:52:18 [MainThread      ]   GameAssetManager.cpp:632   INFO| Done reading manifest Apollo
2026-01-31 15:52:18 [MainThread      ]   GameAssetManager.cpp:687   INFO| Package Loaded: Apollo 40Mb in 0.04s
2026-01-31 15:52:18 [MainThread      ]   GameAssetManager.cpp:658   INFO| Loading package: ApolloUpgrade.pkg
2026-01-31 15:52:18 [MainThread      ]              World.cpp:1366  INFO| Finished loadScreen onExit (0.251588 seconds)
2026-01-31 15:52:38 [MainThread      ]   GameAssetManager.cpp:658   INFO| Loading package: ApolloUpgrade.pkg
2026-01-31 15:52:48 [MainThread      ]     BinarySaveData.cpp:42    INFO| PrepareForWrite dataSize = 9 bytes
2026-01-31 15:52:48 [SmallTaskScheduler]     BinarySaveData.cpp:17    INFO| Writing 9 bytes
2026-01-31 15:53:03 [MainThread      ]    ProgressManager.cpp:1102  INFO| Lua::Save() : 0.011526 s
2026-01-31 15:53:03 [MainThread      ]    ProgressManager.cpp:1034  INFO| GatherSaveData : 0.013611 s
2026-01-31 15:53:03 [MainThread      ]     BinarySaveData.cpp:42    INFO| PrepareForWrite dataSize = 225962 bytes
2026-01-31 15:53:03 [MainThread      ]     BinarySaveData.cpp:47    INFO| PrepareForWrite checksum = bf3a8a79 bytes
2026-01-31 15:53:03 [MainThread      ]     BinarySaveData.cpp:42    INFO| PrepareForWrite dataSize = 9 bytes
2026-01-31 15:53:03 [SmallTaskScheduler]     BinarySaveData.cpp:17    INFO| Writing 225962 bytes
2026-01-31 15:53:03 [SmallTaskScheduler]     BinarySaveData.cpp:17    INFO| Writing 9 bytes
2026-01-31 15:53:13 [MainThread      ]     BinarySaveData.cpp:42    INFO| PrepareForWrite dataSize = 9 bytes
2026-01-31 15:53:13 [SmallTaskScheduler]     BinarySaveData.cpp:17    INFO| Writing 9 bytes
2026-01-31 15:53:13 [MainThread      ]   GameAssetManager.cpp:884   INFO| Unloading: Apollo
2026-01-31 15:53:13 [MainThread      ]   GameAssetManager.cpp:889   INFO| 	Apollo bank: 0.00 ms
2026-01-31 15:53:13 [MainThread      ]   GameAssetManager.cpp:896   INFO| 	Apollo package: 0.40 ms
2026-01-31 15:53:13 [MainThread      ]              World.cpp:1373  INFO| World::Begin() F_Combat12 -> F_Combat15
2026-01-31 15:53:13 [MainThread      ]                 Pool.h:210   INFO| Projectile 0 / 217 (max 2) (594kb)
2026-01-31 15:53:13 [MainThread      ]                 Pool.h:210   INFO| HomingProjectile 0 / 108 (max 10) (297kb)
2026-01-31 15:53:13 [MainThread      ]                 Pool.h:210   INFO| BeamProjectile 0 / 81 (max 0) (225kb)
2026-01-31 15:53:13 [MainThread      ]                 Pool.h:210   INFO| LobProjectile 0 / 81 (max 0) (224kb)
2026-01-31 15:53:13 [MainThread      ]                 Pool.h:210   INFO| ArcProjectile 0 / 81 (max 4) (223kb)
2026-01-31 15:53:13 [MainThread      ]                 Pool.h:210   INFO| InstantProjectile 0 / 108 (max 2) (295kb)
2026-01-31 15:53:13 [MainThread      ]                 Pool.h:210   INFO| Effect 0 / 256 (max 13) (79kb)
2026-01-31 15:53:13 [MainThread      ]    ProgressManager.cpp:1102  INFO| Lua::Save() : 0.008870 s
2026-01-31 15:53:13 [MainThread      ]    ProgressManager.cpp:1034  INFO| GatherSaveData : 0.010956 s
2026-01-31 15:53:13 [MainThread      ]     BinarySaveData.cpp:42    INFO| PrepareForWrite dataSize = 224388 bytes
2026-01-31 15:53:13 [MainThread      ]     BinarySaveData.cpp:47    INFO| PrepareForWrite checksum = 31597fe3 bytes
2026-01-31 15:53:13 [MainThread      ]              World.cpp:1435  INFO| Finished World::Begin (0.025769 seconds)
2026-01-31 15:53:13 [LoadTaskScheduler]              World.cpp:1263  INFO| Started loadMapDataTask (F_Combat15)
2026-01-31 15:53:13 [LoadTaskScheduler]              World.cpp:1298  INFO| Started preScriptLoadTask
2026-01-31 15:53:13 [LoadTaskScheduler]              World.cpp:1304  INFO| Finished preScriptLoadTask (0.000001 seconds)
2026-01-31 15:53:13 [LoadTaskScheduler]              World.cpp:1313  INFO| Started loadPackagesTask
2026-01-31 15:53:13 [LoadTaskScheduler]              World.cpp:1317  INFO| Finished loadPackagesTask (0.000006 seconds)
2026-01-31 15:53:13 [LoadTaskScheduler]              World.cpp:1324  INFO| Started postLoadTask
2026-01-31 15:53:13 [SmallTaskScheduler]     BinarySaveData.cpp:17    INFO| Writing 224388 bytes
2026-01-31 15:53:13 [LoadTaskScheduler]              World.cpp:1334  INFO| Done waiting for packages and pre-scripts task
2026-01-31 15:53:13 [LoadTaskScheduler]     BinaryLoadData.cpp:12    INFO| Reading 181893 bytes
2026-01-31 15:53:13 [LoadTaskScheduler]              World.cpp:1292  INFO| Finished loadMapDataTask (0.030299 seconds)
2026-01-31 15:53:13 [LoadTaskScheduler]              World.cpp:1341  INFO| Calling PostLoad
2026-01-31 15:53:13 [LoadTaskScheduler]   GameAssetManager.cpp:658   INFO| Loading package: ApolloUpgrade.pkg
2026-01-31 15:53:13 [LoadTaskScheduler]   GameAssetManager.cpp:658   INFO| Loading package: AphroditeUpgrade.pkg
2026-01-31 15:53:13 [LoadTaskScheduler]   GameAssetManager.cpp:658   INFO| Loading package: TrialUpgrade.pkg
2026-01-31 15:53:13 [LoadTaskScheduler]       AudioManager.cpp:1273  INFO| Unloaded Voice bank: Apollo in 0.00s
2026-01-31 15:53:13 [LoadTaskScheduler]              World.cpp:1343  INFO| Finished PostLoad
2026-01-31 15:53:13 [LoadTaskScheduler]              World.cpp:1348  INFO| Finished postLoadTask (0.063475 seconds)
2026-01-31 15:53:13 [MainThread      ]              World.cpp:1359  INFO| Started loadScreen onExit
2026-01-31 15:53:14 [MainThread      ]      ScriptManager.cpp:1001  INFO| Lua GC took 0.25 seconds
2026-01-31 15:53:14 [MainThread      ]              World.cpp:1366  INFO| Finished loadScreen onExit (0.262264 seconds)
2026-01-31 15:53:18 [MainThread      ]     BinarySaveData.cpp:42    INFO| PrepareForWrite dataSize = 9 bytes
2026-01-31 15:53:18 [SmallTaskScheduler]     BinarySaveData.cpp:17    INFO| Writing 9 bytes
2026-01-31 15:53:40 [MainThread      ]    ProgressManager.cpp:1102  INFO| Lua::Save() : 0.011872 s
2026-01-31 15:53:40 [MainThread      ]    ProgressManager.cpp:1034  INFO| GatherSaveData : 0.014322 s
2026-01-31 15:53:40 [MainThread      ]     BinarySaveData.cpp:42    INFO| PrepareForWrite dataSize = 225495 bytes
2026-01-31 15:53:40 [MainThread      ]     BinarySaveData.cpp:47    INFO| PrepareForWrite checksum = 7d26a5ec bytes
2026-01-31 15:53:40 [MainThread      ]     BinarySaveData.cpp:42    INFO| PrepareForWrite dataSize = 9 bytes
2026-01-31 15:53:40 [SmallTaskScheduler]     BinarySaveData.cpp:17    INFO| Writing 225495 bytes
2026-01-31 15:53:40 [SmallTaskScheduler]     BinarySaveData.cpp:17    INFO| Writing 9 bytes
2026-01-31 15:53:46 [MainThread      ]     BinarySaveData.cpp:42    INFO| PrepareForWrite dataSize = 9 bytes
2026-01-31 15:53:46 [SmallTaskScheduler]     BinarySaveData.cpp:17    INFO| Writing 9 bytes
2026-01-31 15:53:46 [MainThread      ]              World.cpp:1373  INFO| World::Begin() F_Combat15 -> F_Combat11
2026-01-31 15:53:46 [MainThread      ]                 Pool.h:210   INFO| Projectile 0 / 217 (max 2) (594kb)
2026-01-31 15:53:46 [MainThread      ]                 Pool.h:210   INFO| HomingProjectile 0 / 108 (max 10) (297kb)
2026-01-31 15:53:46 [MainThread      ]                 Pool.h:210   INFO| BeamProjectile 0 / 81 (max 0) (225kb)
2026-01-31 15:53:46 [MainThread      ]                 Pool.h:210   INFO| LobProjectile 0 / 81 (max 0) (224kb)
2026-01-31 15:53:46 [MainThread      ]                 Pool.h:210   INFO| ArcProjectile 0 / 81 (max 4) (223kb)
2026-01-31 15:53:46 [MainThread      ]                 Pool.h:210   INFO| InstantProjectile 0 / 108 (max 2) (295kb)
2026-01-31 15:53:46 [MainThread      ]                 Pool.h:210   INFO| Effect 0 / 256 (max 19) (79kb)
2026-01-31 15:53:46 [MainThread      ]    ProgressManager.cpp:1102  INFO| Lua::Save() : 0.007533 s
2026-01-31 15:53:46 [MainThread      ]    ProgressManager.cpp:1034  INFO| GatherSaveData : 0.009620 s
2026-01-31 15:53:46 [MainThread      ]     BinarySaveData.cpp:42    INFO| PrepareForWrite dataSize = 224230 bytes
2026-01-31 15:53:46 [MainThread      ]     BinarySaveData.cpp:47    INFO| PrepareForWrite checksum = d9b96454 bytes
2026-01-31 15:53:46 [MainThread      ]              World.cpp:1435  INFO| Finished World::Begin (0.021130 seconds)
2026-01-31 15:53:46 [LoadTaskScheduler]              World.cpp:1263  INFO| Started loadMapDataTask (F_Combat11)
2026-01-31 15:53:46 [LoadTaskScheduler]              World.cpp:1298  INFO| Started preScriptLoadTask
2026-01-31 15:53:46 [LoadTaskScheduler]              World.cpp:1304  INFO| Finished preScriptLoadTask (0.000001 seconds)
2026-01-31 15:53:46 [LoadTaskScheduler]              World.cpp:1313  INFO| Started loadPackagesTask
2026-01-31 15:53:46 [LoadTaskScheduler]              World.cpp:1317  INFO| Finished loadPackagesTask (0.000005 seconds)
2026-01-31 15:53:46 [LoadTaskScheduler]              World.cpp:1324  INFO| Started postLoadTask
2026-01-31 15:53:46 [LoadTaskScheduler]              World.cpp:1334  INFO| Done waiting for packages and pre-scripts task
2026-01-31 15:53:46 [SmallTaskScheduler]     BinarySaveData.cpp:17    INFO| Writing 224230 bytes
2026-01-31 15:53:46 [LoadTaskScheduler]     BinaryLoadData.cpp:12    INFO| Reading 221993 bytes
2026-01-31 15:53:46 [LoadTaskScheduler]              World.cpp:1292  INFO| Finished loadMapDataTask (0.007655 seconds)
2026-01-31 15:53:46 [LoadTaskScheduler]              World.cpp:1341  INFO| Calling PostLoad
2026-01-31 15:53:46 [LoadTaskScheduler]   GameAssetManager.cpp:658   INFO| Loading package: ApolloUpgrade.pkg
2026-01-31 15:53:46 [LoadTaskScheduler]   GameAssetManager.cpp:658   INFO| Loading package: AphroditeUpgrade.pkg
2026-01-31 15:53:46 [LoadTaskScheduler]   GameAssetManager.cpp:658   INFO| Loading package: TrialUpgrade.pkg
2026-01-31 15:53:46 [LoadTaskScheduler]              World.cpp:1343  INFO| Finished PostLoad
2026-01-31 15:53:46 [LoadTaskScheduler]              World.cpp:1348  INFO| Finished postLoadTask (0.042585 seconds)
2026-01-31 15:53:46 [MainThread      ]              World.cpp:1359  INFO| Started loadScreen onExit
2026-01-31 15:53:47 [MainThread      ]      ScriptManager.cpp:1001  INFO| Lua GC took 0.20 seconds
2026-01-31 15:53:47 [MainThread      ]              World.cpp:1366  INFO| Finished loadScreen onExit (0.210596 seconds)
2026-01-31 15:54:15 [MainThread      ]    ProgressManager.cpp:1102  INFO| Lua::Save() : 0.010823 s
2026-01-31 15:54:15 [MainThread      ]    ProgressManager.cpp:1034  INFO| GatherSaveData : 0.012963 s
2026-01-31 15:54:15 [MainThread      ]     BinarySaveData.cpp:42    INFO| PrepareForWrite dataSize = 226260 bytes
2026-01-31 15:54:15 [MainThread      ]     BinarySaveData.cpp:47    INFO| PrepareForWrite checksum = aa2e68cb bytes
2026-01-31 15:54:15 [MainThread      ]     BinarySaveData.cpp:42    INFO| PrepareForWrite dataSize = 9 bytes
2026-01-31 15:54:15 [SmallTaskScheduler]     BinarySaveData.cpp:17    INFO| Writing 226260 bytes
2026-01-31 15:54:15 [SmallTaskScheduler]     BinarySaveData.cpp:17    INFO| Writing 9 bytes
2026-01-31 15:54:35 [MainThread      ]     BinarySaveData.cpp:42    INFO| PrepareForWrite dataSize = 9 bytes
2026-01-31 15:54:35 [SmallTaskScheduler]     BinarySaveData.cpp:17    INFO| Writing 9 bytes
2026-01-31 15:54:35 [MainThread      ]              World.cpp:1373  INFO| World::Begin() F_Combat11 -> F_Combat13
2026-01-31 15:54:35 [MainThread      ]                 Pool.h:210   INFO| Projectile 0 / 217 (max 3) (594kb)
2026-01-31 15:54:35 [MainThread      ]                 Pool.h:210   INFO| HomingProjectile 0 / 108 (max 10) (297kb)
2026-01-31 15:54:35 [MainThread      ]                 Pool.h:210   INFO| BeamProjectile 0 / 81 (max 0) (225kb)
2026-01-31 15:54:35 [MainThread      ]                 Pool.h:210   INFO| LobProjectile 0 / 81 (max 0) (224kb)
2026-01-31 15:54:35 [MainThread      ]                 Pool.h:210   INFO| ArcProjectile 0 / 81 (max 4) (223kb)
2026-01-31 15:54:35 [MainThread      ]                 Pool.h:210   INFO| InstantProjectile 0 / 108 (max 2) (295kb)
2026-01-31 15:54:35 [MainThread      ]                 Pool.h:210   INFO| Effect 0 / 256 (max 19) (79kb)
2026-01-31 15:54:35 [MainThread      ]    ProgressManager.cpp:1102  INFO| Lua::Save() : 0.007275 s
2026-01-31 15:54:35 [MainThread      ]    ProgressManager.cpp:1034  INFO| GatherSaveData : 0.009169 s
2026-01-31 15:54:35 [MainThread      ]     BinarySaveData.cpp:42    INFO| PrepareForWrite dataSize = 225812 bytes
2026-01-31 15:54:35 [MainThread      ]     BinarySaveData.cpp:47    INFO| PrepareForWrite checksum = 909ff0cd bytes
2026-01-31 15:54:35 [MainThread      ]              World.cpp:1435  INFO| Finished World::Begin (0.022364 seconds)
2026-01-31 15:54:35 [LoadTaskScheduler]              World.cpp:1263  INFO| Started loadMapDataTask (F_Combat13)
2026-01-31 15:54:35 [LoadTaskScheduler]              World.cpp:1298  INFO| Started preScriptLoadTask
2026-01-31 15:54:35 [LoadTaskScheduler]              World.cpp:1304  INFO| Finished preScriptLoadTask (0.000001 seconds)
2026-01-31 15:54:35 [LoadTaskScheduler]              World.cpp:1313  INFO| Started loadPackagesTask
2026-01-31 15:54:35 [LoadTaskScheduler]              World.cpp:1317  INFO| Finished loadPackagesTask (0.000012 seconds)
2026-01-31 15:54:35 [LoadTaskScheduler]              World.cpp:1324  INFO| Started postLoadTask
2026-01-31 15:54:35 [LoadTaskScheduler]              World.cpp:1334  INFO| Done waiting for packages and pre-scripts task
2026-01-31 15:54:35 [SmallTaskScheduler]     BinarySaveData.cpp:17    INFO| Writing 225812 bytes
2026-01-31 15:54:36 [LoadTaskScheduler]     BinaryLoadData.cpp:12    INFO| Reading 200930 bytes
2026-01-31 15:54:36 [LoadTaskScheduler]              World.cpp:1292  INFO| Finished loadMapDataTask (0.030395 seconds)
2026-01-31 15:54:36 [LoadTaskScheduler]              World.cpp:1341  INFO| Calling PostLoad
2026-01-31 15:54:36 [LoadTaskScheduler]   GameAssetManager.cpp:658   INFO| Loading package: ApolloUpgrade.pkg
2026-01-31 15:54:36 [LoadTaskScheduler]   GameAssetManager.cpp:658   INFO| Loading package: AphroditeUpgrade.pkg
2026-01-31 15:54:36 [LoadTaskScheduler]   GameAssetManager.cpp:658   INFO| Loading package: TrialUpgrade.pkg
2026-01-31 15:54:36 [LoadTaskScheduler]              World.cpp:1343  INFO| Finished PostLoad
2026-01-31 15:54:36 [LoadTaskScheduler]              World.cpp:1348  INFO| Finished postLoadTask (0.064433 seconds)
2026-01-31 15:54:36 [MainThread      ]              World.cpp:1359  INFO| Started loadScreen onExit
2026-01-31 15:54:36 [MainThread      ]      ScriptManager.cpp:1001  INFO| Lua GC took 0.19 seconds
2026-01-31 15:54:36 [MainThread      ]       AudioManager.cpp:1233  INFO| Voice bank loaded successfully: Selene (469 lines in 0.002745 seconds)
2026-01-31 15:54:36 [MainThread      ]              World.cpp:1366  INFO| Finished loadScreen onExit (0.206437 seconds)
2026-01-31 15:54:57 [MainThread      ]    ProgressManager.cpp:1102  INFO| Lua::Save() : 0.011616 s
2026-01-31 15:54:57 [MainThread      ]    ProgressManager.cpp:1034  INFO| GatherSaveData : 0.013987 s
2026-01-31 15:54:57 [MainThread      ]     BinarySaveData.cpp:42    INFO| PrepareForWrite dataSize = 227621 bytes
2026-01-31 15:54:57 [MainThread      ]     BinarySaveData.cpp:47    INFO| PrepareForWrite checksum = 5e4e315 bytes
2026-01-31 15:54:57 [MainThread      ]     BinarySaveData.cpp:42    INFO| PrepareForWrite dataSize = 9 bytes
2026-01-31 15:54:57 [SmallTaskScheduler]     BinarySaveData.cpp:17    INFO| Writing 227621 bytes
2026-01-31 15:54:57 [SmallTaskScheduler]     BinarySaveData.cpp:17    INFO| Writing 9 bytes
2026-01-31 15:55:12 [MainThread      ]     BinarySaveData.cpp:42    INFO| PrepareForWrite dataSize = 9 bytes
2026-01-31 15:55:12 [SmallTaskScheduler]     BinarySaveData.cpp:17    INFO| Writing 9 bytes
2026-01-31 15:55:12 [MainThread      ]              World.cpp:1373  INFO| World::Begin() F_Combat13 -> F_Combat14
2026-01-31 15:55:12 [MainThread      ]                 Pool.h:210   INFO| Projectile 0 / 217 (max 3) (594kb)
2026-01-31 15:55:12 [MainThread      ]                 Pool.h:210   INFO| HomingProjectile 0 / 108 (max 10) (297kb)
2026-01-31 15:55:12 [MainThread      ]                 Pool.h:210   INFO| BeamProjectile 0 / 81 (max 0) (225kb)
2026-01-31 15:55:12 [MainThread      ]                 Pool.h:210   INFO| LobProjectile 0 / 81 (max 0) (224kb)
2026-01-31 15:55:12 [MainThread      ]                 Pool.h:210   INFO| ArcProjectile 0 / 81 (max 4) (223kb)
2026-01-31 15:55:12 [MainThread      ]                 Pool.h:210   INFO| InstantProjectile 0 / 108 (max 2) (295kb)
2026-01-31 15:55:12 [MainThread      ]                 Pool.h:210   INFO| Effect 0 / 256 (max 19) (79kb)
2026-01-31 15:55:12 [MainThread      ]    ProgressManager.cpp:1102  INFO| Lua::Save() : 0.007559 s
2026-01-31 15:55:12 [MainThread      ]    ProgressManager.cpp:1034  INFO| GatherSaveData : 0.009468 s
2026-01-31 15:55:12 [MainThread      ]     BinarySaveData.cpp:42    INFO| PrepareForWrite dataSize = 227545 bytes
2026-01-31 15:55:12 [MainThread      ]     BinarySaveData.cpp:47    INFO| PrepareForWrite checksum = fc558b1d bytes
2026-01-31 15:55:12 [MainThread      ]              World.cpp:1435  INFO| Finished World::Begin (0.021171 seconds)
2026-01-31 15:55:12 [LoadTaskScheduler]              World.cpp:1263  INFO| Started loadMapDataTask (F_Combat14)
2026-01-31 15:55:12 [LoadTaskScheduler]              World.cpp:1298  INFO| Started preScriptLoadTask
2026-01-31 15:55:12 [LoadTaskScheduler]              World.cpp:1304  INFO| Finished preScriptLoadTask (0.000001 seconds)
2026-01-31 15:55:12 [LoadTaskScheduler]              World.cpp:1313  INFO| Started loadPackagesTask
2026-01-31 15:55:12 [LoadTaskScheduler]              World.cpp:1317  INFO| Finished loadPackagesTask (0.000005 seconds)
2026-01-31 15:55:12 [LoadTaskScheduler]              World.cpp:1324  INFO| Started postLoadTask
2026-01-31 15:55:12 [LoadTaskScheduler]              World.cpp:1334  INFO| Done waiting for packages and pre-scripts task
2026-01-31 15:55:12 [SmallTaskScheduler]     BinarySaveData.cpp:17    INFO| Writing 227545 bytes
2026-01-31 15:55:12 [LoadTaskScheduler]     BinaryLoadData.cpp:12    INFO| Reading 212668 bytes
2026-01-31 15:55:12 [LoadTaskScheduler]              World.cpp:1292  INFO| Finished loadMapDataTask (0.031126 seconds)
2026-01-31 15:55:12 [LoadTaskScheduler]              World.cpp:1341  INFO| Calling PostLoad
2026-01-31 15:55:12 [LoadTaskScheduler]   GameAssetManager.cpp:658   INFO| Loading package: ApolloUpgrade.pkg
2026-01-31 15:55:12 [LoadTaskScheduler]   GameAssetManager.cpp:658   INFO| Loading package: AphroditeUpgrade.pkg
2026-01-31 15:55:12 [LoadTaskScheduler]   GameAssetManager.cpp:658   INFO| Loading package: TrialUpgrade.pkg
2026-01-31 15:55:12 [LoadTaskScheduler]       AudioManager.cpp:1273  INFO| Unloaded Voice bank: Selene in 0.00s
2026-01-31 15:55:12 [LoadTaskScheduler]              World.cpp:1343  INFO| Finished PostLoad
2026-01-31 15:55:12 [LoadTaskScheduler]              World.cpp:1348  INFO| Finished postLoadTask (0.068150 seconds)
2026-01-31 15:55:12 [MainThread      ]              World.cpp:1359  INFO| Started loadScreen onExit
2026-01-31 15:55:13 [MainThread      ]      ScriptManager.cpp:1001  INFO| Lua GC took 0.25 seconds
2026-01-31 15:55:13 [MainThread      ]              World.cpp:1366  INFO| Finished loadScreen onExit (0.261023 seconds)
2026-01-31 15:55:38 [MainThread      ]     BinarySaveData.cpp:42    INFO| PrepareForWrite dataSize = 9 bytes
2026-01-31 15:55:38 [SmallTaskScheduler]     BinarySaveData.cpp:17    INFO| Writing 9 bytes
2026-01-31 15:55:42 [MainThread      ]    ProgressManager.cpp:1102  INFO| Lua::Save() : 0.010843 s
2026-01-31 15:55:42 [MainThread      ]    ProgressManager.cpp:1034  INFO| GatherSaveData : 0.013207 s
2026-01-31 15:55:42 [MainThread      ]     BinarySaveData.cpp:42    INFO| PrepareForWrite dataSize = 232822 bytes
2026-01-31 15:55:42 [MainThread      ]     BinarySaveData.cpp:47    INFO| PrepareForWrite checksum = efd60061 bytes
2026-01-31 15:55:42 [MainThread      ]     BinarySaveData.cpp:42    INFO| PrepareForWrite dataSize = 9 bytes
2026-01-31 15:55:42 [SmallTaskScheduler]     BinarySaveData.cpp:17    INFO| Writing 232822 bytes
2026-01-31 15:55:42 [SmallTaskScheduler]     BinarySaveData.cpp:17    INFO| Writing 9 bytes
2026-01-31 15:55:46 [MainThread      ]     BinarySaveData.cpp:42    INFO| PrepareForWrite dataSize = 9 bytes
2026-01-31 15:55:46 [SmallTaskScheduler]     BinarySaveData.cpp:17    INFO| Writing 9 bytes
2026-01-31 15:55:46 [MainThread      ]              World.cpp:1373  INFO| World::Begin() F_Combat14 -> F_PreBoss01
2026-01-31 15:55:46 [MainThread      ]                 Pool.h:210   INFO| Projectile 0 / 217 (max 3) (594kb)
2026-01-31 15:55:46 [MainThread      ]                 Pool.h:210   INFO| HomingProjectile 0 / 108 (max 10) (297kb)
2026-01-31 15:55:46 [MainThread      ]                 Pool.h:210   INFO| BeamProjectile 0 / 81 (max 0) (225kb)
2026-01-31 15:55:46 [MainThread      ]                 Pool.h:210   INFO| LobProjectile 0 / 81 (max 0) (224kb)
2026-01-31 15:55:46 [MainThread      ]                 Pool.h:210   INFO| ArcProjectile 0 / 81 (max 4) (223kb)
2026-01-31 15:55:46 [MainThread      ]                 Pool.h:210   INFO| InstantProjectile 0 / 108 (max 2) (295kb)
2026-01-31 15:55:46 [MainThread      ]                 Pool.h:210   INFO| Effect 0 / 256 (max 19) (79kb)
2026-01-31 15:55:46 [MainThread      ]    ProgressManager.cpp:1102  INFO| Lua::Save() : 0.007333 s
2026-01-31 15:55:46 [MainThread      ]    ProgressManager.cpp:1034  INFO| GatherSaveData : 0.009277 s
2026-01-31 15:55:46 [MainThread      ]     BinarySaveData.cpp:42    INFO| PrepareForWrite dataSize = 229556 bytes
2026-01-31 15:55:46 [MainThread      ]     BinarySaveData.cpp:47    INFO| PrepareForWrite checksum = 9558ef17 bytes
2026-01-31 15:55:46 [MainThread      ]              World.cpp:1435  INFO| Finished World::Begin (0.023081 seconds)
2026-01-31 15:55:46 [LoadTaskScheduler]              World.cpp:1263  INFO| Started loadMapDataTask (F_PreBoss01)
2026-01-31 15:55:46 [LoadTaskScheduler]              World.cpp:1298  INFO| Started preScriptLoadTask
2026-01-31 15:55:46 [LoadTaskScheduler]              World.cpp:1304  INFO| Finished preScriptLoadTask (0.000001 seconds)
2026-01-31 15:55:46 [LoadTaskScheduler]              World.cpp:1313  INFO| Started loadPackagesTask
2026-01-31 15:55:46 [LoadTaskScheduler]              World.cpp:1317  INFO| Finished loadPackagesTask (0.000005 seconds)
2026-01-31 15:55:46 [LoadTaskScheduler]              World.cpp:1324  INFO| Started postLoadTask
2026-01-31 15:55:46 [LoadTaskScheduler]              World.cpp:1334  INFO| Done waiting for packages and pre-scripts task
2026-01-31 15:55:46 [SmallTaskScheduler]     BinarySaveData.cpp:17    INFO| Writing 229556 bytes
2026-01-31 15:55:46 [LoadTaskScheduler]     BinaryLoadData.cpp:12    INFO| Reading 194833 bytes
2026-01-31 15:55:46 [LoadTaskScheduler]              World.cpp:1292  INFO| Finished loadMapDataTask (0.030935 seconds)
2026-01-31 15:55:46 [LoadTaskScheduler]              World.cpp:1341  INFO| Calling PostLoad
2026-01-31 15:55:46 [LoadTaskScheduler]   GameAssetManager.cpp:658   INFO| Loading package: ApolloUpgrade.pkg
2026-01-31 15:55:46 [LoadTaskScheduler]   GameAssetManager.cpp:658   INFO| Loading package: AphroditeUpgrade.pkg
2026-01-31 15:55:46 [LoadTaskScheduler]   GameAssetManager.cpp:658   INFO| Loading package: TrialUpgrade.pkg
2026-01-31 15:55:46 [LoadTaskScheduler]              World.cpp:1343  INFO| Finished PostLoad
2026-01-31 15:55:46 [LoadTaskScheduler]              World.cpp:1348  INFO| Finished postLoadTask (0.064808 seconds)
2026-01-31 15:55:46 [MainThread      ]              World.cpp:1359  INFO| Started loadScreen onExit
2026-01-31 15:55:46 [MainThread      ]      ScriptManager.cpp:1001  INFO| Lua GC took 0.21 seconds
2026-01-31 15:55:46 [MainThread      ]       AudioManager.cpp:1233  INFO| Voice bank loaded successfully: Selene (469 lines in 0.002278 seconds)
2026-01-31 15:55:46 [MainThread      ]   GameAssetManager.cpp:658   INFO| Loading package: Selene.pkg
2026-01-31 15:55:46 [MainThread      ]   GameAssetManager.cpp:571   INFO| Start reading manifest Selene
2026-01-31 15:55:46 [MainThread      ]   GameAssetManager.cpp:632   INFO| Done reading manifest Selene
2026-01-31 15:55:46 [MainThread      ]   GameAssetManager.cpp:687   INFO| Package Loaded: Selene 56Mb in 0.04s
2026-01-31 15:55:46 [MainThread      ]              World.cpp:1366  INFO| Finished loadScreen onExit (0.277143 seconds)
2026-01-31 15:55:48 [MainThread      ]     BinarySaveData.cpp:42    INFO| PrepareForWrite dataSize = 9 bytes
2026-01-31 15:55:48 [SmallTaskScheduler]     BinarySaveData.cpp:17    INFO| Writing 9 bytes
2026-01-31 15:56:15 [MainThread      ]   GameAssetManager.cpp:658   INFO| Loading package: WeaponSpellTransform.pkg
2026-01-31 15:56:15 [MainThread      ]   GameAssetManager.cpp:571   INFO| Start reading manifest WeaponSpellTransform
2026-01-31 15:56:15 [MainThread      ]   GameAssetManager.cpp:632   INFO| Done reading manifest WeaponSpellTransform
2026-01-31 15:56:15 [MainThread      ]   GameAssetManager.cpp:687   INFO| Package Loaded: WeaponSpellTransform 25Mb in 0.02s
2026-01-31 15:56:15 [MainThread      ]       AudioManager.cpp:966   INFO| Loading bank: WeaponSpellTransform
2026-01-31 15:56:15 [MainThread      ]       AudioManager.cpp:981   INFO| Audio bank loaded successfully: WeaponSpellTransform (0Mb in 0.03s)
2026-01-31 15:56:30 [MainThread      ]     BinarySaveData.cpp:42    INFO| PrepareForWrite dataSize = 9 bytes
2026-01-31 15:56:30 [SmallTaskScheduler]     BinarySaveData.cpp:17    INFO| Writing 9 bytes
2026-01-31 15:56:30 [MainThread      ]   GameAssetManager.cpp:884   INFO| Unloading: Selene
2026-01-31 15:56:30 [MainThread      ]   GameAssetManager.cpp:889   INFO| 	Selene bank: 0.00 ms
2026-01-31 15:56:30 [MainThread      ]   GameAssetManager.cpp:896   INFO| 	Selene package: 0.59 ms
2026-01-31 15:56:30 [MainThread      ]              World.cpp:1373  INFO| World::Begin() F_PreBoss01 -> F_Boss01
2026-01-31 15:56:30 [MainThread      ]                 Pool.h:210   INFO| Projectile 0 / 217 (max 3) (594kb)
2026-01-31 15:56:30 [MainThread      ]                 Pool.h:210   INFO| HomingProjectile 0 / 108 (max 10) (297kb)
2026-01-31 15:56:30 [MainThread      ]                 Pool.h:210   INFO| BeamProjectile 0 / 81 (max 0) (225kb)
2026-01-31 15:56:30 [MainThread      ]                 Pool.h:210   INFO| LobProjectile 0 / 81 (max 0) (224kb)
2026-01-31 15:56:30 [MainThread      ]                 Pool.h:210   INFO| ArcProjectile 0 / 81 (max 4) (223kb)
2026-01-31 15:56:30 [MainThread      ]                 Pool.h:210   INFO| InstantProjectile 0 / 108 (max 2) (295kb)
2026-01-31 15:56:30 [MainThread      ]                 Pool.h:210   INFO| Effect 0 / 256 (max 19) (79kb)
2026-01-31 15:56:30 [MainThread      ]    ProgressManager.cpp:1102  INFO| Lua::Save() : 0.008172 s
2026-01-31 15:56:30 [MainThread      ]    ProgressManager.cpp:1034  INFO| GatherSaveData : 0.010408 s
2026-01-31 15:56:30 [MainThread      ]     BinarySaveData.cpp:42    INFO| PrepareForWrite dataSize = 230481 bytes
2026-01-31 15:56:30 [MainThread      ]     BinarySaveData.cpp:47    INFO| PrepareForWrite checksum = 592acf3f bytes
2026-01-31 15:56:30 [MainThread      ]              World.cpp:1435  INFO| Finished World::Begin (0.023839 seconds)
2026-01-31 15:56:30 [LoadTaskScheduler]              World.cpp:1263  INFO| Started loadMapDataTask (F_Boss01)
2026-01-31 15:56:30 [LoadTaskScheduler]              World.cpp:1298  INFO| Started preScriptLoadTask
2026-01-31 15:56:30 [LoadTaskScheduler]              World.cpp:1304  INFO| Finished preScriptLoadTask (0.000001 seconds)
2026-01-31 15:56:30 [LoadTaskScheduler]              World.cpp:1313  INFO| Started loadPackagesTask
2026-01-31 15:56:30 [LoadTaskScheduler]              World.cpp:1317  INFO| Finished loadPackagesTask (0.000005 seconds)
2026-01-31 15:56:30 [LoadTaskScheduler]              World.cpp:1324  INFO| Started postLoadTask
2026-01-31 15:56:30 [LoadTaskScheduler]              World.cpp:1334  INFO| Done waiting for packages and pre-scripts task
2026-01-31 15:56:30 [SmallTaskScheduler]     BinarySaveData.cpp:17    INFO| Writing 230481 bytes
2026-01-31 15:56:30 [LoadTaskScheduler]     BinaryLoadData.cpp:12    INFO| Reading 277822 bytes
2026-01-31 15:56:30 [LoadTaskScheduler]              World.cpp:1292  INFO| Finished loadMapDataTask (0.031824 seconds)
2026-01-31 15:56:30 [LoadTaskScheduler]              World.cpp:1341  INFO| Calling PostLoad
2026-01-31 15:56:30 [LoadTaskScheduler]   GameAssetManager.cpp:658   INFO| Loading package: ApolloUpgrade.pkg
2026-01-31 15:56:30 [LoadTaskScheduler]   GameAssetManager.cpp:658   INFO| Loading package: AphroditeUpgrade.pkg
2026-01-31 15:56:30 [LoadTaskScheduler]   GameAssetManager.cpp:658   INFO| Loading package: TrialUpgrade.pkg
2026-01-31 15:56:30 [LoadTaskScheduler]       AudioManager.cpp:1273  INFO| Unloaded Voice bank: Selene in 0.00s
2026-01-31 15:56:30 [LoadTaskScheduler]   GameAssetManager.cpp:658   INFO| Loading package: Hecate.pkg
2026-01-31 15:56:30 [LoadTaskScheduler]   GameAssetManager.cpp:571   INFO| Start reading manifest Hecate
2026-01-31 15:56:30 [LoadTaskScheduler]   GameAssetManager.cpp:632   INFO| Done reading manifest Hecate
2026-01-31 15:56:30 [LoadTaskScheduler]   GameAssetManager.cpp:687   INFO| Package Loaded: Hecate 53Mb in 0.03s
2026-01-31 15:56:30 [LoadTaskScheduler]              World.cpp:1343  INFO| Finished PostLoad
2026-01-31 15:56:30 [LoadTaskScheduler]              World.cpp:1348  INFO| Finished postLoadTask (0.116851 seconds)
2026-01-31 15:56:30 [MainThread      ]              World.cpp:1359  INFO| Started loadScreen onExit
2026-01-31 15:56:30 [MainThread      ]      ScriptManager.cpp:1001  INFO| Lua GC took 0.25 seconds
2026-01-31 15:56:30 [MainThread      ]       AudioManager.cpp:1233  INFO| Voice bank loaded successfully: Selene (469 lines in 0.002545 seconds)
2026-01-31 15:56:30 [MainThread      ]       AudioManager.cpp:1233  INFO| Voice bank loaded successfully: Hecate (792 lines in 0.002707 seconds)
2026-01-31 15:56:30 [MainThread      ]       AudioManager.cpp:1233  INFO| Voice bank loaded successfully: HecateField (403 lines in 0.006689 seconds)
2026-01-31 15:56:30 [MainThread      ]              World.cpp:1366  INFO| Finished loadScreen onExit (0.279801 seconds)
2026-01-31 15:57:12 [MainThread      ]     BinarySaveData.cpp:42    INFO| PrepareForWrite dataSize = 9 bytes
2026-01-31 15:57:12 [SmallTaskScheduler]     BinarySaveData.cpp:17    INFO| Writing 9 bytes
2026-01-31 15:58:57 [MainThread      ]    ProgressManager.cpp:1102  INFO| Lua::Save() : 0.011870 s
2026-01-31 15:58:57 [MainThread      ]    ProgressManager.cpp:1034  INFO| GatherSaveData : 0.014327 s
2026-01-31 15:58:57 [MainThread      ]     BinarySaveData.cpp:42    INFO| PrepareForWrite dataSize = 232909 bytes
2026-01-31 15:58:57 [MainThread      ]     BinarySaveData.cpp:47    INFO| PrepareForWrite checksum = 3d0e4565 bytes
2026-01-31 15:58:57 [MainThread      ]     BinarySaveData.cpp:42    INFO| PrepareForWrite dataSize = 9 bytes
2026-01-31 15:58:57 [SmallTaskScheduler]     BinarySaveData.cpp:17    INFO| Writing 232909 bytes
2026-01-31 15:58:57 [SmallTaskScheduler]     BinarySaveData.cpp:17    INFO| Writing 9 bytes
2026-01-31 15:59:01 [MainThread      ]     BinarySaveData.cpp:42    INFO| PrepareForWrite dataSize = 9 bytes
2026-01-31 15:59:01 [SmallTaskScheduler]     BinarySaveData.cpp:17    INFO| Writing 9 bytes
2026-01-31 15:59:01 [MainThread      ]   GameAssetManager.cpp:884   INFO| Unloading: Hecate
2026-01-31 15:59:01 [MainThread      ]   GameAssetManager.cpp:889   INFO| 	Hecate bank: 0.00 ms
2026-01-31 15:59:01 [MainThread      ]   GameAssetManager.cpp:896   INFO| 	Hecate package: 0.71 ms
2026-01-31 15:59:01 [MainThread      ]              World.cpp:1373  INFO| World::Begin() F_Boss01 -> F_PostBoss01
2026-01-31 15:59:01 [MainThread      ]                 Pool.h:210   INFO| Projectile 0 / 217 (max 31) (594kb)
2026-01-31 15:59:01 [MainThread      ]                 Pool.h:210   INFO| HomingProjectile 0 / 108 (max 10) (297kb)
2026-01-31 15:59:01 [MainThread      ]                 Pool.h:210   INFO| BeamProjectile 0 / 81 (max 0) (225kb)
2026-01-31 15:59:01 [MainThread      ]                 Pool.h:210   INFO| LobProjectile 0 / 81 (max 0) (224kb)
2026-01-31 15:59:01 [MainThread      ]                 Pool.h:210   INFO| ArcProjectile 0 / 81 (max 4) (223kb)
2026-01-31 15:59:01 [MainThread      ]                 Pool.h:210   INFO| InstantProjectile 0 / 108 (max 4) (295kb)
2026-01-31 15:59:01 [MainThread      ]                 Pool.h:210   INFO| Effect 0 / 256 (max 19) (79kb)
2026-01-31 15:59:01 [MainThread      ]    ProgressManager.cpp:1102  INFO| Lua::Save() : 0.008205 s
2026-01-31 15:59:01 [MainThread      ]    ProgressManager.cpp:1034  INFO| GatherSaveData : 0.010206 s
2026-01-31 15:59:01 [MainThread      ]     BinarySaveData.cpp:42    INFO| PrepareForWrite dataSize = 237039 bytes
2026-01-31 15:59:01 [MainThread      ]     BinarySaveData.cpp:47    INFO| PrepareForWrite checksum = 1bad97b1 bytes
2026-01-31 15:59:01 [MainThread      ]              World.cpp:1435  INFO| Finished World::Begin (0.025229 seconds)
2026-01-31 15:59:01 [LoadTaskScheduler]              World.cpp:1263  INFO| Started loadMapDataTask (F_PostBoss01)
2026-01-31 15:59:01 [LoadTaskScheduler]              World.cpp:1298  INFO| Started preScriptLoadTask
2026-01-31 15:59:01 [LoadTaskScheduler]              World.cpp:1304  INFO| Finished preScriptLoadTask (0.000000 seconds)
2026-01-31 15:59:01 [LoadTaskScheduler]              World.cpp:1313  INFO| Started loadPackagesTask
2026-01-31 15:59:01 [LoadTaskScheduler]              World.cpp:1317  INFO| Finished loadPackagesTask (0.000006 seconds)
2026-01-31 15:59:01 [LoadTaskScheduler]              World.cpp:1324  INFO| Started postLoadTask
2026-01-31 15:59:01 [LoadTaskScheduler]              World.cpp:1334  INFO| Done waiting for packages and pre-scripts task
2026-01-31 15:59:01 [SmallTaskScheduler]     BinarySaveData.cpp:17    INFO| Writing 237039 bytes
2026-01-31 15:59:01 [LoadTaskScheduler]     BinaryLoadData.cpp:12    INFO| Reading 261155 bytes
2026-01-31 15:59:01 [LoadTaskScheduler]              World.cpp:1292  INFO| Finished loadMapDataTask (0.031733 seconds)
2026-01-31 15:59:01 [LoadTaskScheduler]              World.cpp:1341  INFO| Calling PostLoad
2026-01-31 15:59:01 [LoadTaskScheduler]   GameAssetManager.cpp:658   INFO| Loading package: ApolloUpgrade.pkg
2026-01-31 15:59:01 [LoadTaskScheduler]   GameAssetManager.cpp:658   INFO| Loading package: AphroditeUpgrade.pkg
2026-01-31 15:59:01 [LoadTaskScheduler]   GameAssetManager.cpp:658   INFO| Loading package: TrialUpgrade.pkg
2026-01-31 15:59:01 [LoadTaskScheduler]       AudioManager.cpp:1273  INFO| Unloaded Voice bank: Selene in 0.00s
2026-01-31 15:59:01 [LoadTaskScheduler]       AudioManager.cpp:1273  INFO| Unloaded Voice bank: HecateField in 0.00s
2026-01-31 15:59:01 [LoadTaskScheduler]       AudioManager.cpp:1273  INFO| Unloaded Voice bank: Hecate in 0.00s
2026-01-31 15:59:01 [LoadTaskScheduler]              World.cpp:1343  INFO| Finished PostLoad
2026-01-31 15:59:01 [LoadTaskScheduler]              World.cpp:1348  INFO| Finished postLoadTask (0.073868 seconds)
2026-01-31 15:59:01 [MainThread      ]              World.cpp:1359  INFO| Started loadScreen onExit
2026-01-31 15:59:01 [MainThread      ]      ScriptManager.cpp:1001  INFO| Lua GC took 0.21 seconds
2026-01-31 15:59:01 [MainThread      ]       AudioManager.cpp:1233  INFO| Voice bank loaded successfully: Intercom (148 lines in 0.007445 seconds)
2026-01-31 15:59:02 [MainThread      ]       AudioManager.cpp:1233  INFO| Voice bank loaded successfully: Chronos (1241 lines in 0.005341 seconds)
2026-01-31 15:59:02 [MainThread      ]   GameAssetManager.cpp:658   INFO| Loading package: Chronos.pkg
2026-01-31 15:59:02 [MainThread      ]   GameAssetManager.cpp:571   INFO| Start reading manifest Chronos
2026-01-31 15:59:02 [MainThread      ]   GameAssetManager.cpp:632   INFO| Done reading manifest Chronos
2026-01-31 15:59:02 [MainThread      ]   GameAssetManager.cpp:687   INFO| Package Loaded: Chronos 57Mb in 0.06s
2026-01-31 15:59:02 [MainThread      ]              World.cpp:1366  INFO| Finished loadScreen onExit (0.306128 seconds)
2026-01-31 15:59:43 [MainThread      ]   GameAssetManager.cpp:884   INFO| Unloading: BiomeF
2026-01-31 15:59:43 [MainThread      ]   GameAssetManager.cpp:889   INFO| 	BiomeF bank: 0.01 ms
2026-01-31 15:59:43 [MainThread      ]   GameAssetManager.cpp:896   INFO| 	BiomeF package: 6.25 ms
2026-01-31 15:59:43 [MainThread      ]   GameAssetManager.cpp:658   INFO| Loading package: BiomeMap.pkg
2026-01-31 15:59:43 [MainThread      ]   GameAssetManager.cpp:571   INFO| Start reading manifest BiomeMap
2026-01-31 15:59:43 [MainThread      ]   GameAssetManager.cpp:632   INFO| Done reading manifest BiomeMap
2026-01-31 15:59:43 [MainThread      ]   GameAssetManager.cpp:687   INFO| Package Loaded: BiomeMap 76Mb in 0.06s
2026-01-31 15:59:43 [MainThread      ]       AudioManager.cpp:966   INFO| Loading bank: BiomeMap
2026-01-31 15:59:43 [MainThread      ]       AudioManager.cpp:981   INFO| Audio bank loaded successfully: BiomeMap (2Mb in 0.03s)
2026-01-31 15:59:48 [MainThread      ]     BinarySaveData.cpp:42    INFO| PrepareForWrite dataSize = 9 bytes
2026-01-31 15:59:48 [SmallTaskScheduler]     BinarySaveData.cpp:17    INFO| Writing 9 bytes
2026-01-31 15:59:48 [MainThread      ]   GameAssetManager.cpp:884   INFO| Unloading: Chronos
2026-01-31 15:59:48 [MainThread      ]   GameAssetManager.cpp:889   INFO| 	Chronos bank: 0.00 ms
2026-01-31 15:59:48 [MainThread      ]   GameAssetManager.cpp:896   INFO| 	Chronos package: 2.17 ms
2026-01-31 15:59:48 [MainThread      ]              World.cpp:1373  INFO| World::Begin() F_PostBoss01 -> G_Intro
2026-01-31 15:59:48 [MainThread      ]                 Pool.h:210   INFO| Projectile 0 / 217 (max 31) (594kb)
2026-01-31 15:59:48 [MainThread      ]                 Pool.h:210   INFO| HomingProjectile 0 / 108 (max 10) (297kb)
2026-01-31 15:59:48 [MainThread      ]                 Pool.h:210   INFO| BeamProjectile 0 / 81 (max 0) (225kb)
2026-01-31 15:59:48 [MainThread      ]                 Pool.h:210   INFO| LobProjectile 0 / 81 (max 0) (224kb)
2026-01-31 15:59:48 [MainThread      ]                 Pool.h:210   INFO| ArcProjectile 0 / 81 (max 4) (223kb)
2026-01-31 15:59:48 [MainThread      ]                 Pool.h:210   INFO| InstantProjectile 0 / 108 (max 4) (295kb)
2026-01-31 15:59:48 [MainThread      ]                 Pool.h:210   INFO| Effect 0 / 256 (max 19) (79kb)
2026-01-31 15:59:48 [MainThread      ]    ProgressManager.cpp:1102  INFO| Lua::Save() : 0.012972 s
2026-01-31 15:59:48 [MainThread      ]    ProgressManager.cpp:1034  INFO| GatherSaveData : 0.015045 s
2026-01-31 15:59:48 [MainThread      ]     BinarySaveData.cpp:42    INFO| PrepareForWrite dataSize = 242258 bytes
2026-01-31 15:59:48 [MainThread      ]     BinarySaveData.cpp:47    INFO| PrepareForWrite checksum = 99b87b99 bytes
2026-01-31 15:59:48 [MainThread      ]   GameAssetManager.cpp:884   INFO| Unloading: BiomeMap
2026-01-31 15:59:48 [MainThread      ]   GameAssetManager.cpp:889   INFO| 	BiomeMap bank: 0.00 ms
2026-01-31 15:59:48 [MainThread      ]   GameAssetManager.cpp:896   INFO| 	BiomeMap package: 0.23 ms
2026-01-31 15:59:48 [MainThread      ]   GameAssetManager.cpp:884   INFO| Unloading: WeaponBlink
2026-01-31 15:59:48 [MainThread      ]   GameAssetManager.cpp:889   INFO| 	WeaponBlink bank: 0.00 ms
2026-01-31 15:59:48 [MainThread      ]   GameAssetManager.cpp:896   INFO| 	WeaponBlink package: 0.22 ms
2026-01-31 15:59:48 [MainThread      ]   GameAssetManager.cpp:884   INFO| Unloading: WeaponCast
2026-01-31 15:59:48 [MainThread      ]   GameAssetManager.cpp:889   INFO| 	WeaponCast bank: 0.00 ms
2026-01-31 15:59:48 [SmallTaskScheduler]     BinarySaveData.cpp:17    INFO| Writing 242258 bytes
2026-01-31 15:59:48 [MainThread      ]   GameAssetManager.cpp:896   INFO| 	WeaponCast package: 2.59 ms
2026-01-31 15:59:48 [MainThread      ]   GameAssetManager.cpp:884   INFO| Unloading: WeaponAxe
2026-01-31 15:59:48 [MainThread      ]   GameAssetManager.cpp:889   INFO| 	WeaponAxe bank: 0.00 ms
2026-01-31 15:59:48 [MainThread      ]   GameAssetManager.cpp:896   INFO| 	WeaponAxe package: 1.08 ms
2026-01-31 15:59:48 [MainThread      ]   GameAssetManager.cpp:884   INFO| Unloading: WeaponSpellTransform
2026-01-31 15:59:48 [MainThread      ]   GameAssetManager.cpp:889   INFO| 	WeaponSpellTransform bank: 0.00 ms
2026-01-31 15:59:48 [MainThread      ]   GameAssetManager.cpp:896   INFO| 	WeaponSpellTransform package: 0.47 ms
2026-01-31 15:59:48 [MainThread      ]              World.cpp:1435  INFO| Finished World::Begin (0.043193 seconds)
2026-01-31 15:59:48 [LoadTaskScheduler]              World.cpp:1263  INFO| Started loadMapDataTask (G_Intro)
2026-01-31 15:59:48 [LoadTaskScheduler]              World.cpp:1298  INFO| Started preScriptLoadTask
2026-01-31 15:59:48 [LoadTaskScheduler]              World.cpp:1304  INFO| Finished preScriptLoadTask (0.000001 seconds)
2026-01-31 15:59:48 [LoadTaskScheduler]              World.cpp:1313  INFO| Started loadPackagesTask
2026-01-31 15:59:48 [LoadTaskScheduler]   GameAssetManager.cpp:658   INFO| Loading package: BiomeG.pkg
2026-01-31 15:59:48 [LoadTaskScheduler]   GameAssetManager.cpp:571   INFO| Start reading manifest BiomeG
2026-01-31 15:59:48 [LoadTaskScheduler]     BinaryLoadData.cpp:12    INFO| Reading 252345 bytes
2026-01-31 15:59:48 [LoadTaskScheduler]              World.cpp:1292  INFO| Finished loadMapDataTask (0.028680 seconds)
2026-01-31 15:59:48 [LoadTaskScheduler]              World.cpp:1324  INFO| Started postLoadTask
2026-01-31 15:59:48 [LoadTaskScheduler]   GameAssetManager.cpp:632   INFO| Done reading manifest BiomeG
2026-01-31 15:59:49 [LoadTaskScheduler]   GameAssetManager.cpp:687   INFO| Package Loaded: BiomeG 315Mb in 0.26s
2026-01-31 15:59:49 [LoadTaskScheduler]       AudioManager.cpp:966   INFO| Loading bank: BiomeG
2026-01-31 15:59:49 [LoadTaskScheduler]       AudioManager.cpp:981   INFO| Audio bank loaded successfully: BiomeG (17Mb in 0.03s)
2026-01-31 15:59:49 [LoadTaskScheduler]              World.cpp:1317  INFO| Finished loadPackagesTask (0.324356 seconds)
2026-01-31 15:59:49 [LoadTaskScheduler]              World.cpp:1334  INFO| Done waiting for packages and pre-scripts task
2026-01-31 15:59:49 [LoadTaskScheduler]              World.cpp:1341  INFO| Calling PostLoad
2026-01-31 15:59:49 [LoadTaskScheduler]   GameAssetManager.cpp:658   INFO| Loading package: ApolloUpgrade.pkg
2026-01-31 15:59:49 [LoadTaskScheduler]   GameAssetManager.cpp:658   INFO| Loading package: AphroditeUpgrade.pkg
2026-01-31 15:59:49 [LoadTaskScheduler]   GameAssetManager.cpp:658   INFO| Loading package: TrialUpgrade.pkg
2026-01-31 15:59:49 [LoadTaskScheduler]       AudioManager.cpp:1273  INFO| Unloaded Voice bank: Chronos in 0.00s
2026-01-31 15:59:49 [LoadTaskScheduler]       AudioManager.cpp:1273  INFO| Unloaded Voice bank: Intercom in 0.00s
2026-01-31 15:59:49 [LoadTaskScheduler]              World.cpp:1343  INFO| Finished PostLoad
2026-01-31 15:59:49 [LoadTaskScheduler]              World.cpp:1348  INFO| Finished postLoadTask (0.357023 seconds)
2026-01-31 15:59:49 [MainThread      ]              World.cpp:1359  INFO| Started loadScreen onExit
2026-01-31 15:59:49 [MainThread      ]      ScriptManager.cpp:1001  INFO| Lua GC took 0.25 seconds
2026-01-31 15:59:49 [MainThread      ]   GameAssetManager.cpp:658   INFO| Loading package: WeaponBlink.pkg
2026-01-31 15:59:49 [MainThread      ]   GameAssetManager.cpp:571   INFO| Start reading manifest WeaponBlink
2026-01-31 15:59:49 [MainThread      ]   GameAssetManager.cpp:632   INFO| Done reading manifest WeaponBlink
2026-01-31 15:59:49 [MainThread      ]   GameAssetManager.cpp:687   INFO| Package Loaded: WeaponBlink 2Mb in 0.00s
2026-01-31 15:59:49 [MainThread      ]       AudioManager.cpp:966   INFO| Loading bank: WeaponBlink
2026-01-31 15:59:49 [MainThread      ]       AudioManager.cpp:981   INFO| Audio bank loaded successfully: WeaponBlink (0Mb in 0.02s)
2026-01-31 15:59:49 [MainThread      ]   GameAssetManager.cpp:658   INFO| Loading package: WeaponCast.pkg
2026-01-31 15:59:49 [MainThread      ]   GameAssetManager.cpp:571   INFO| Start reading manifest WeaponCast
2026-01-31 15:59:49 [MainThread      ]   GameAssetManager.cpp:632   INFO| Done reading manifest WeaponCast
2026-01-31 15:59:49 [MainThread      ]   GameAssetManager.cpp:687   INFO| Package Loaded: WeaponCast 36Mb in 0.03s
2026-01-31 15:59:49 [MainThread      ]       AudioManager.cpp:966   INFO| Loading bank: WeaponCast
2026-01-31 15:59:49 [MainThread      ]       AudioManager.cpp:981   INFO| Audio bank loaded successfully: WeaponCast (0Mb in 0.04s)
2026-01-31 15:59:49 [MainThread      ]   GameAssetManager.cpp:658   INFO| Loading package: WeaponAxe.pkg
2026-01-31 15:59:49 [MainThread      ]   GameAssetManager.cpp:571   INFO| Start reading manifest WeaponAxe
2026-01-31 15:59:49 [MainThread      ]   GameAssetManager.cpp:632   INFO| Done reading manifest WeaponAxe
2026-01-31 15:59:49 [MainThread      ]   GameAssetManager.cpp:687   INFO| Package Loaded: WeaponAxe 13Mb in 0.01s
2026-01-31 15:59:49 [MainThread      ]       AudioManager.cpp:966   INFO| Loading bank: WeaponAxe
2026-01-31 15:59:49 [MainThread      ]       AudioManager.cpp:981   INFO| Audio bank loaded successfully: WeaponAxe (0Mb in 0.03s)
2026-01-31 15:59:49 [MainThread      ]   GameAssetManager.cpp:658   INFO| Loading package: WeaponSpellTransform.pkg
2026-01-31 15:59:49 [MainThread      ]   GameAssetManager.cpp:571   INFO| Start reading manifest WeaponSpellTransform
2026-01-31 15:59:49 [MainThread      ]   GameAssetManager.cpp:632   INFO| Done reading manifest WeaponSpellTransform
2026-01-31 15:59:49 [MainThread      ]   GameAssetManager.cpp:687   INFO| Package Loaded: WeaponSpellTransform 25Mb in 0.02s
2026-01-31 15:59:49 [MainThread      ]       AudioManager.cpp:966   INFO| Loading bank: WeaponSpellTransform
2026-01-31 15:59:49 [MainThread      ]       AudioManager.cpp:981   INFO| Audio bank loaded successfully: WeaponSpellTransform (0Mb in 0.03s)
2026-01-31 15:59:49 [MainThread      ]              World.cpp:1366  INFO| Finished loadScreen onExit (0.460120 seconds)
2026-01-31 15:59:50 [RenderThread    ]      ForgeRenderer.cpp:7034  INFO| Creating pipeline for effect: ShaderEffectType::ColorBurn2D blend state 5 depthState 0
2026-01-31 15:59:57 [MainThread      ]     BinarySaveData.cpp:42    INFO| PrepareForWrite dataSize = 9 bytes
2026-01-31 15:59:57 [SmallTaskScheduler]     BinarySaveData.cpp:17    INFO| Writing 9 bytes
2026-01-31 15:59:57 [MainThread      ]              World.cpp:1373  INFO| World::Begin() G_Intro -> G_Combat07
2026-01-31 15:59:57 [MainThread      ]                 Pool.h:210   INFO| Projectile 0 / 217 (max 31) (594kb)
2026-01-31 15:59:57 [MainThread      ]                 Pool.h:210   INFO| HomingProjectile 0 / 108 (max 10) (297kb)
2026-01-31 15:59:57 [MainThread      ]                 Pool.h:210   INFO| BeamProjectile 0 / 81 (max 0) (225kb)
2026-01-31 15:59:57 [MainThread      ]                 Pool.h:210   INFO| LobProjectile 0 / 81 (max 0) (224kb)
2026-01-31 15:59:57 [MainThread      ]                 Pool.h:210   INFO| ArcProjectile 0 / 81 (max 4) (223kb)
2026-01-31 15:59:57 [MainThread      ]                 Pool.h:210   INFO| InstantProjectile 0 / 108 (max 4) (295kb)
2026-01-31 15:59:57 [MainThread      ]                 Pool.h:210   INFO| Effect 0 / 256 (max 19) (79kb)
2026-01-31 15:59:57 [MainThread      ]    ProgressManager.cpp:1102  INFO| Lua::Save() : 0.007555 s
2026-01-31 15:59:57 [MainThread      ]    ProgressManager.cpp:1034  INFO| GatherSaveData : 0.009530 s
2026-01-31 15:59:57 [MainThread      ]     BinarySaveData.cpp:42    INFO| PrepareForWrite dataSize = 235826 bytes
2026-01-31 15:59:57 [MainThread      ]     BinarySaveData.cpp:47    INFO| PrepareForWrite checksum = bcdc73e4 bytes
2026-01-31 15:59:57 [MainThread      ]              World.cpp:1435  INFO| Finished World::Begin (0.022607 seconds)
2026-01-31 15:59:57 [LoadTaskScheduler]              World.cpp:1263  INFO| Started loadMapDataTask (G_Combat07)
2026-01-31 15:59:57 [LoadTaskScheduler]              World.cpp:1298  INFO| Started preScriptLoadTask
2026-01-31 15:59:57 [LoadTaskScheduler]              World.cpp:1304  INFO| Finished preScriptLoadTask (0.000001 seconds)
2026-01-31 15:59:57 [LoadTaskScheduler]              World.cpp:1313  INFO| Started loadPackagesTask
2026-01-31 15:59:57 [LoadTaskScheduler]              World.cpp:1317  INFO| Finished loadPackagesTask (0.000005 seconds)
2026-01-31 15:59:57 [LoadTaskScheduler]              World.cpp:1324  INFO| Started postLoadTask
2026-01-31 15:59:57 [LoadTaskScheduler]              World.cpp:1334  INFO| Done waiting for packages and pre-scripts task
2026-01-31 15:59:57 [SmallTaskScheduler]     BinarySaveData.cpp:17    INFO| Writing 235826 bytes
2026-01-31 15:59:57 [LoadTaskScheduler]     BinaryLoadData.cpp:12    INFO| Reading 205697 bytes
2026-01-31 15:59:57 [LoadTaskScheduler]              World.cpp:1292  INFO| Finished loadMapDataTask (0.031789 seconds)
2026-01-31 15:59:57 [LoadTaskScheduler]              World.cpp:1341  INFO| Calling PostLoad
2026-01-31 15:59:57 [LoadTaskScheduler]   GameAssetManager.cpp:658   INFO| Loading package: ApolloUpgrade.pkg
2026-01-31 15:59:57 [LoadTaskScheduler]   GameAssetManager.cpp:658   INFO| Loading package: AphroditeUpgrade.pkg
2026-01-31 15:59:57 [LoadTaskScheduler]   GameAssetManager.cpp:658   INFO| Loading package: TrialUpgrade.pkg
2026-01-31 15:59:57 [LoadTaskScheduler]              World.cpp:1343  INFO| Finished PostLoad
2026-01-31 15:59:57 [LoadTaskScheduler]              World.cpp:1348  INFO| Finished postLoadTask (0.065879 seconds)
2026-01-31 15:59:57 [MainThread      ]              World.cpp:1359  INFO| Started loadScreen onExit
2026-01-31 15:59:57 [MainThread      ]      ScriptManager.cpp:1001  INFO| Lua GC took 0.24 seconds
2026-01-31 15:59:57 [MainThread      ]              World.cpp:1366  INFO| Finished loadScreen onExit (0.248667 seconds)
2026-01-31 16:00:13 [MainThread      ]     BinarySaveData.cpp:42    INFO| PrepareForWrite dataSize = 9 bytes
2026-01-31 16:00:13 [SmallTaskScheduler]     BinarySaveData.cpp:17    INFO| Writing 9 bytes
2026-01-31 16:00:17 [MainThread      ]    ProgressManager.cpp:1102  INFO| Lua::Save() : 0.011690 s
2026-01-31 16:00:17 [MainThread      ]    ProgressManager.cpp:1034  INFO| GatherSaveData : 0.014322 s
2026-01-31 16:00:17 [MainThread      ]     BinarySaveData.cpp:42    INFO| PrepareForWrite dataSize = 236778 bytes
2026-01-31 16:00:17 [MainThread      ]     BinarySaveData.cpp:47    INFO| PrepareForWrite checksum = 97f59dd6 bytes
2026-01-31 16:00:17 [MainThread      ]     BinarySaveData.cpp:42    INFO| PrepareForWrite dataSize = 9 bytes
2026-01-31 16:00:17 [SmallTaskScheduler]     BinarySaveData.cpp:17    INFO| Writing 236778 bytes
2026-01-31 16:00:17 [SmallTaskScheduler]     BinarySaveData.cpp:17    INFO| Writing 9 bytes
2026-01-31 16:00:22 [MainThread      ]     BinarySaveData.cpp:42    INFO| PrepareForWrite dataSize = 9 bytes
2026-01-31 16:00:22 [SmallTaskScheduler]     BinarySaveData.cpp:17    INFO| Writing 9 bytes
2026-01-31 16:00:22 [MainThread      ]              World.cpp:1373  INFO| World::Begin() G_Combat07 -> G_Combat20
2026-01-31 16:00:22 [MainThread      ]                 Pool.h:210   INFO| Projectile 0 / 217 (max 31) (594kb)
2026-01-31 16:00:22 [MainThread      ]                 Pool.h:210   INFO| HomingProjectile 0 / 108 (max 10) (297kb)
2026-01-31 16:00:22 [MainThread      ]                 Pool.h:210   INFO| BeamProjectile 0 / 81 (max 0) (225kb)
2026-01-31 16:00:22 [MainThread      ]                 Pool.h:210   INFO| LobProjectile 0 / 81 (max 0) (224kb)
2026-01-31 16:00:22 [MainThread      ]                 Pool.h:210   INFO| ArcProjectile 0 / 81 (max 4) (223kb)
2026-01-31 16:00:22 [MainThread      ]                 Pool.h:210   INFO| InstantProjectile 0 / 108 (max 4) (295kb)
2026-01-31 16:00:22 [MainThread      ]                 Pool.h:210   INFO| Effect 0 / 256 (max 19) (79kb)
2026-01-31 16:00:22 [MainThread      ]    ProgressManager.cpp:1102  INFO| Lua::Save() : 0.007803 s
2026-01-31 16:00:22 [MainThread      ]    ProgressManager.cpp:1034  INFO| GatherSaveData : 0.009925 s
2026-01-31 16:00:22 [MainThread      ]     BinarySaveData.cpp:42    INFO| PrepareForWrite dataSize = 235229 bytes
2026-01-31 16:00:22 [MainThread      ]     BinarySaveData.cpp:47    INFO| PrepareForWrite checksum = c711b4a8 bytes
2026-01-31 16:00:22 [MainThread      ]              World.cpp:1435  INFO| Finished World::Begin (0.022821 seconds)
2026-01-31 16:00:22 [LoadTaskScheduler]              World.cpp:1263  INFO| Started loadMapDataTask (G_Combat20)
2026-01-31 16:00:22 [LoadTaskScheduler]              World.cpp:1298  INFO| Started preScriptLoadTask
2026-01-31 16:00:22 [LoadTaskScheduler]              World.cpp:1304  INFO| Finished preScriptLoadTask (0.000001 seconds)
2026-01-31 16:00:22 [LoadTaskScheduler]              World.cpp:1313  INFO| Started loadPackagesTask
2026-01-31 16:00:22 [LoadTaskScheduler]              World.cpp:1317  INFO| Finished loadPackagesTask (0.000009 seconds)
2026-01-31 16:00:22 [LoadTaskScheduler]              World.cpp:1324  INFO| Started postLoadTask
2026-01-31 16:00:22 [LoadTaskScheduler]              World.cpp:1334  INFO| Done waiting for packages and pre-scripts task
2026-01-31 16:00:22 [SmallTaskScheduler]     BinarySaveData.cpp:17    INFO| Writing 235229 bytes
2026-01-31 16:00:22 [LoadTaskScheduler]     BinaryLoadData.cpp:12    INFO| Reading 199420 bytes
2026-01-31 16:00:22 [LoadTaskScheduler]              World.cpp:1292  INFO| Finished loadMapDataTask (0.031861 seconds)
2026-01-31 16:00:22 [LoadTaskScheduler]              World.cpp:1341  INFO| Calling PostLoad
2026-01-31 16:00:22 [LoadTaskScheduler]   GameAssetManager.cpp:658   INFO| Loading package: ApolloUpgrade.pkg
2026-01-31 16:00:22 [LoadTaskScheduler]   GameAssetManager.cpp:658   INFO| Loading package: AphroditeUpgrade.pkg
2026-01-31 16:00:22 [LoadTaskScheduler]   GameAssetManager.cpp:658   INFO| Loading package: TrialUpgrade.pkg
2026-01-31 16:00:22 [LoadTaskScheduler]              World.cpp:1343  INFO| Finished PostLoad
2026-01-31 16:00:22 [LoadTaskScheduler]              World.cpp:1348  INFO| Finished postLoadTask (0.066007 seconds)
2026-01-31 16:00:22 [MainThread      ]              World.cpp:1359  INFO| Started loadScreen onExit
2026-01-31 16:00:22 [MainThread      ]      ScriptManager.cpp:1001  INFO| Lua GC took 0.09 seconds
2026-01-31 16:00:22 [MainThread      ]       AudioManager.cpp:1233  INFO| Voice bank loaded successfully: Chaos (352 lines in 0.001996 seconds)
2026-01-31 16:00:22 [MainThread      ]              World.cpp:1366  INFO| Finished loadScreen onExit (0.101313 seconds)
2026-01-31 16:00:54 [MainThread      ]    ProgressManager.cpp:1102  INFO| Lua::Save() : 0.011093 s
2026-01-31 16:00:54 [MainThread      ]    ProgressManager.cpp:1034  INFO| GatherSaveData : 0.013534 s
2026-01-31 16:00:54 [MainThread      ]     BinarySaveData.cpp:42    INFO| PrepareForWrite dataSize = 236577 bytes
2026-01-31 16:00:54 [MainThread      ]     BinarySaveData.cpp:47    INFO| PrepareForWrite checksum = 3b52944 bytes
2026-01-31 16:00:54 [MainThread      ]     BinarySaveData.cpp:42    INFO| PrepareForWrite dataSize = 9 bytes
2026-01-31 16:00:54 [SmallTaskScheduler]     BinarySaveData.cpp:17    INFO| Writing 236577 bytes
2026-01-31 16:00:54 [SmallTaskScheduler]     BinarySaveData.cpp:17    INFO| Writing 9 bytes
2026-01-31 16:01:01 [MainThread      ]     BinarySaveData.cpp:42    INFO| PrepareForWrite dataSize = 9 bytes
2026-01-31 16:01:01 [SmallTaskScheduler]     BinarySaveData.cpp:17    INFO| Writing 9 bytes
2026-01-31 16:01:01 [MainThread      ]              World.cpp:1373  INFO| World::Begin() G_Combat20 -> G_Combat12
2026-01-31 16:01:01 [MainThread      ]                 Pool.h:210   INFO| Projectile 0 / 217 (max 31) (594kb)
2026-01-31 16:01:01 [MainThread      ]                 Pool.h:210   INFO| HomingProjectile 0 / 108 (max 10) (297kb)
2026-01-31 16:01:01 [MainThread      ]                 Pool.h:210   INFO| BeamProjectile 0 / 81 (max 0) (225kb)
2026-01-31 16:01:01 [MainThread      ]                 Pool.h:210   INFO| LobProjectile 0 / 81 (max 1) (224kb)
2026-01-31 16:01:01 [MainThread      ]                 Pool.h:210   INFO| ArcProjectile 0 / 81 (max 4) (223kb)
2026-01-31 16:01:01 [MainThread      ]                 Pool.h:210   INFO| InstantProjectile 0 / 108 (max 4) (295kb)
2026-01-31 16:01:01 [MainThread      ]                 Pool.h:210   INFO| Effect 0 / 256 (max 19) (79kb)
2026-01-31 16:01:01 [MainThread      ]    ProgressManager.cpp:1102  INFO| Lua::Save() : 0.007472 s
2026-01-31 16:01:01 [MainThread      ]    ProgressManager.cpp:1034  INFO| GatherSaveData : 0.010226 s
2026-01-31 16:01:01 [MainThread      ]     BinarySaveData.cpp:42    INFO| PrepareForWrite dataSize = 235698 bytes
2026-01-31 16:01:01 [MainThread      ]     BinarySaveData.cpp:47    INFO| PrepareForWrite checksum = bf7d0e7c bytes
2026-01-31 16:01:01 [MainThread      ]              World.cpp:1435  INFO| Finished World::Begin (0.022873 seconds)
2026-01-31 16:01:01 [LoadTaskScheduler]              World.cpp:1298  INFO| Started preScriptLoadTask
2026-01-31 16:01:01 [LoadTaskScheduler]              World.cpp:1263  INFO| Started loadMapDataTask (G_Combat12)
2026-01-31 16:01:01 [LoadTaskScheduler]              World.cpp:1304  INFO| Finished preScriptLoadTask (0.000001 seconds)
2026-01-31 16:01:01 [LoadTaskScheduler]              World.cpp:1313  INFO| Started loadPackagesTask
2026-01-31 16:01:01 [LoadTaskScheduler]              World.cpp:1317  INFO| Finished loadPackagesTask (0.000006 seconds)
2026-01-31 16:01:01 [LoadTaskScheduler]              World.cpp:1324  INFO| Started postLoadTask
2026-01-31 16:01:01 [LoadTaskScheduler]              World.cpp:1334  INFO| Done waiting for packages and pre-scripts task
2026-01-31 16:01:01 [SmallTaskScheduler]     BinarySaveData.cpp:17    INFO| Writing 235698 bytes
2026-01-31 16:01:01 [LoadTaskScheduler]     BinaryLoadData.cpp:12    INFO| Reading 359482 bytes
2026-01-31 16:01:01 [LoadTaskScheduler]              World.cpp:1292  INFO| Finished loadMapDataTask (0.032916 seconds)
2026-01-31 16:01:01 [LoadTaskScheduler]              World.cpp:1341  INFO| Calling PostLoad
2026-01-31 16:01:01 [LoadTaskScheduler]   GameAssetManager.cpp:658   INFO| Loading package: ApolloUpgrade.pkg
2026-01-31 16:01:01 [LoadTaskScheduler]   GameAssetManager.cpp:658   INFO| Loading package: AphroditeUpgrade.pkg
2026-01-31 16:01:01 [LoadTaskScheduler]   GameAssetManager.cpp:658   INFO| Loading package: TrialUpgrade.pkg
2026-01-31 16:01:01 [LoadTaskScheduler]       AudioManager.cpp:1273  INFO| Unloaded Voice bank: Chaos in 0.00s
2026-01-31 16:01:01 [LoadTaskScheduler]              World.cpp:1343  INFO| Finished PostLoad
2026-01-31 16:01:01 [LoadTaskScheduler]              World.cpp:1348  INFO| Finished postLoadTask (0.085998 seconds)
2026-01-31 16:01:01 [MainThread      ]              World.cpp:1359  INFO| Started loadScreen onExit
2026-01-31 16:01:01 [MainThread      ]      ScriptManager.cpp:1001  INFO| Lua GC took 0.16 seconds
2026-01-31 16:01:01 [MainThread      ]       AudioManager.cpp:1233  INFO| Voice bank loaded successfully: Selene (469 lines in 0.002944 seconds)
2026-01-31 16:01:01 [MainThread      ]              World.cpp:1366  INFO| Finished loadScreen onExit (0.179852 seconds)
2026-01-31 16:01:53 [MainThread      ]     BinarySaveData.cpp:42    INFO| PrepareForWrite dataSize = 9 bytes
2026-01-31 16:01:53 [SmallTaskScheduler]     BinarySaveData.cpp:17    INFO| Writing 9 bytes
2026-01-31 16:02:03 [MainThread      ]    ProgressManager.cpp:1102  INFO| Lua::Save() : 0.011589 s
2026-01-31 16:02:03 [MainThread      ]    ProgressManager.cpp:1034  INFO| GatherSaveData : 0.014378 s
2026-01-31 16:02:03 [MainThread      ]     BinarySaveData.cpp:42    INFO| PrepareForWrite dataSize = 238326 bytes
2026-01-31 16:02:03 [MainThread      ]     BinarySaveData.cpp:47    INFO| PrepareForWrite checksum = 5f97977 bytes
2026-01-31 16:02:03 [MainThread      ]     BinarySaveData.cpp:42    INFO| PrepareForWrite dataSize = 9 bytes
2026-01-31 16:02:03 [SmallTaskScheduler]     BinarySaveData.cpp:17    INFO| Writing 238326 bytes
2026-01-31 16:02:03 [SmallTaskScheduler]     BinarySaveData.cpp:17    INFO| Writing 9 bytes
2026-01-31 16:02:17 [MainThread      ]     BinarySaveData.cpp:42    INFO| PrepareForWrite dataSize = 9 bytes
2026-01-31 16:02:17 [SmallTaskScheduler]     BinarySaveData.cpp:17    INFO| Writing 9 bytes
2026-01-31 16:02:17 [MainThread      ]              World.cpp:1373  INFO| World::Begin() G_Combat12 -> G_Shop01
2026-01-31 16:02:17 [MainThread      ]                 Pool.h:210   INFO| Projectile 0 / 217 (max 31) (594kb)
2026-01-31 16:02:17 [MainThread      ]                 Pool.h:210   INFO| HomingProjectile 0 / 108 (max 10) (297kb)
2026-01-31 16:02:17 [MainThread      ]                 Pool.h:210   INFO| BeamProjectile 0 / 81 (max 0) (225kb)
2026-01-31 16:02:17 [MainThread      ]                 Pool.h:210   INFO| LobProjectile 0 / 81 (max 1) (224kb)
2026-01-31 16:02:17 [MainThread      ]                 Pool.h:210   INFO| ArcProjectile 0 / 81 (max 4) (223kb)
2026-01-31 16:02:17 [MainThread      ]                 Pool.h:210   INFO| InstantProjectile 0 / 108 (max 4) (295kb)
2026-01-31 16:02:17 [MainThread      ]                 Pool.h:210   INFO| Effect 0 / 256 (max 19) (79kb)
2026-01-31 16:02:17 [MainThread      ]    ProgressManager.cpp:1102  INFO| Lua::Save() : 0.007622 s
2026-01-31 16:02:17 [MainThread      ]    ProgressManager.cpp:1034  INFO| GatherSaveData : 0.009600 s
2026-01-31 16:02:17 [MainThread      ]     BinarySaveData.cpp:42    INFO| PrepareForWrite dataSize = 238555 bytes
2026-01-31 16:02:17 [MainThread      ]     BinarySaveData.cpp:47    INFO| PrepareForWrite checksum = b66719de bytes
2026-01-31 16:02:17 [MainThread      ]              World.cpp:1435  INFO| Finished World::Begin (0.027843 seconds)
2026-01-31 16:02:17 [LoadTaskScheduler]              World.cpp:1263  INFO| Started loadMapDataTask (G_Shop01)
2026-01-31 16:02:17 [LoadTaskScheduler]              World.cpp:1298  INFO| Started preScriptLoadTask
2026-01-31 16:02:17 [LoadTaskScheduler]              World.cpp:1304  INFO| Finished preScriptLoadTask (0.000000 seconds)
2026-01-31 16:02:17 [LoadTaskScheduler]              World.cpp:1313  INFO| Started loadPackagesTask
2026-01-31 16:02:17 [LoadTaskScheduler]              World.cpp:1317  INFO| Finished loadPackagesTask (0.000007 seconds)
2026-01-31 16:02:17 [LoadTaskScheduler]              World.cpp:1324  INFO| Started postLoadTask
2026-01-31 16:02:17 [LoadTaskScheduler]              World.cpp:1334  INFO| Done waiting for packages and pre-scripts task
2026-01-31 16:02:17 [SmallTaskScheduler]     BinarySaveData.cpp:17    INFO| Writing 238555 bytes
2026-01-31 16:02:17 [LoadTaskScheduler]     BinaryLoadData.cpp:12    INFO| Reading 232780 bytes
2026-01-31 16:02:17 [LoadTaskScheduler]              World.cpp:1292  INFO| Finished loadMapDataTask (0.032110 seconds)
2026-01-31 16:02:17 [LoadTaskScheduler]              World.cpp:1341  INFO| Calling PostLoad
2026-01-31 16:02:17 [LoadTaskScheduler]   GameAssetManager.cpp:658   INFO| Loading package: ApolloUpgrade.pkg
2026-01-31 16:02:17 [LoadTaskScheduler]   GameAssetManager.cpp:658   INFO| Loading package: AphroditeUpgrade.pkg
2026-01-31 16:02:17 [LoadTaskScheduler]   GameAssetManager.cpp:658   INFO| Loading package: TrialUpgrade.pkg
2026-01-31 16:02:17 [LoadTaskScheduler]       AudioManager.cpp:1273  INFO| Unloaded Voice bank: Selene in 0.00s
2026-01-31 16:02:18 [LoadTaskScheduler]              World.cpp:1343  INFO| Finished PostLoad
2026-01-31 16:02:18 [LoadTaskScheduler]              World.cpp:1348  INFO| Finished postLoadTask (0.069779 seconds)
2026-01-31 16:02:18 [MainThread      ]              World.cpp:1359  INFO| Started loadScreen onExit
2026-01-31 16:02:18 [MainThread      ]      ScriptManager.cpp:1001  INFO| Lua GC took 0.25 seconds
2026-01-31 16:02:18 [MainThread      ]       AudioManager.cpp:1233  INFO| Voice bank loaded successfully: Selene (469 lines in 0.001979 seconds)
2026-01-31 16:02:18 [MainThread      ]   GameAssetManager.cpp:658   INFO| Loading package: Selene.pkg
2026-01-31 16:02:18 [MainThread      ]   GameAssetManager.cpp:571   INFO| Start reading manifest Selene
2026-01-31 16:02:18 [MainThread      ]   GameAssetManager.cpp:632   INFO| Done reading manifest Selene
2026-01-31 16:02:18 [MainThread      ]   GameAssetManager.cpp:687   INFO| Package Loaded: Selene 56Mb in 0.04s
2026-01-31 16:02:18 [MainThread      ]   GameAssetManager.cpp:658   INFO| Loading package: DemeterUpgrade.pkg
2026-01-31 16:02:18 [MainThread      ]   GameAssetManager.cpp:658   INFO| Loading package: Demeter.pkg
2026-01-31 16:02:18 [MainThread      ]   GameAssetManager.cpp:571   INFO| Start reading manifest Demeter
2026-01-31 16:02:18 [MainThread      ]   GameAssetManager.cpp:632   INFO| Done reading manifest Demeter
2026-01-31 16:02:18 [MainThread      ]   GameAssetManager.cpp:687   INFO| Package Loaded: Demeter 36Mb in 0.04s
2026-01-31 16:02:18 [MainThread      ]       AudioManager.cpp:1233  INFO| Voice bank loaded successfully: Demeter (236 lines in 0.003324 seconds)
2026-01-31 16:02:18 [MainThread      ]       AudioManager.cpp:1233  INFO| Voice bank loaded successfully: Charon (138 lines in 0.002683 seconds)
2026-01-31 16:02:18 [MainThread      ]   GameAssetManager.cpp:658   INFO| Loading package: Charon.pkg
2026-01-31 16:02:18 [MainThread      ]   GameAssetManager.cpp:571   INFO| Start reading manifest Charon
2026-01-31 16:02:18 [MainThread      ]   GameAssetManager.cpp:632   INFO| Done reading manifest Charon
2026-01-31 16:02:18 [MainThread      ]   GameAssetManager.cpp:687   INFO| Package Loaded: Charon 54Mb in 0.06s
2026-01-31 16:02:18 [MainThread      ]              World.cpp:1366  INFO| Finished loadScreen onExit (0.427207 seconds)
2026-01-31 16:02:33 [MainThread      ]     BinarySaveData.cpp:42    INFO| PrepareForWrite dataSize = 9 bytes
2026-01-31 16:02:33 [SmallTaskScheduler]     BinarySaveData.cpp:17    INFO| Writing 9 bytes
2026-01-31 16:03:54 [MainThread      ]     BinarySaveData.cpp:42    INFO| PrepareForWrite dataSize = 9 bytes
2026-01-31 16:03:54 [SmallTaskScheduler]     BinarySaveData.cpp:17    INFO| Writing 9 bytes
2026-01-31 16:03:54 [MainThread      ]   GameAssetManager.cpp:884   INFO| Unloading: Charon
2026-01-31 16:03:54 [MainThread      ]   GameAssetManager.cpp:889   INFO| 	Charon bank: 0.00 ms
2026-01-31 16:03:54 [MainThread      ]   GameAssetManager.cpp:896   INFO| 	Charon package: 0.66 ms
2026-01-31 16:03:54 [MainThread      ]   GameAssetManager.cpp:884   INFO| Unloading: Demeter
2026-01-31 16:03:54 [MainThread      ]   GameAssetManager.cpp:889   INFO| 	Demeter bank: 0.00 ms
2026-01-31 16:03:54 [MainThread      ]   GameAssetManager.cpp:896   INFO| 	Demeter package: 0.31 ms
2026-01-31 16:03:54 [MainThread      ]   GameAssetManager.cpp:884   INFO| Unloading: Selene
2026-01-31 16:03:54 [MainThread      ]   GameAssetManager.cpp:889   INFO| 	Selene bank: 0.00 ms
2026-01-31 16:03:54 [MainThread      ]   GameAssetManager.cpp:896   INFO| 	Selene package: 0.35 ms
2026-01-31 16:03:54 [MainThread      ]              World.cpp:1373  INFO| World::Begin() G_Shop01 -> G_Combat17
2026-01-31 16:03:54 [MainThread      ]                 Pool.h:210   INFO| Projectile 0 / 217 (max 31) (594kb)
2026-01-31 16:03:54 [MainThread      ]                 Pool.h:210   INFO| HomingProjectile 0 / 108 (max 10) (297kb)
2026-01-31 16:03:54 [MainThread      ]                 Pool.h:210   INFO| BeamProjectile 0 / 81 (max 0) (225kb)
2026-01-31 16:03:54 [MainThread      ]                 Pool.h:210   INFO| LobProjectile 0 / 81 (max 1) (224kb)
2026-01-31 16:03:54 [MainThread      ]                 Pool.h:210   INFO| ArcProjectile 0 / 81 (max 4) (223kb)
2026-01-31 16:03:54 [MainThread      ]                 Pool.h:210   INFO| InstantProjectile 0 / 108 (max 4) (295kb)
2026-01-31 16:03:54 [MainThread      ]                 Pool.h:210   INFO| Effect 0 / 256 (max 19) (79kb)
2026-01-31 16:03:54 [MainThread      ]    ProgressManager.cpp:1102  INFO| Lua::Save() : 0.008025 s
2026-01-31 16:03:54 [MainThread      ]    ProgressManager.cpp:1034  INFO| GatherSaveData : 0.010132 s
2026-01-31 16:03:54 [MainThread      ]     BinarySaveData.cpp:42    INFO| PrepareForWrite dataSize = 248260 bytes
2026-01-31 16:03:54 [MainThread      ]     BinarySaveData.cpp:47    INFO| PrepareForWrite checksum = 943a0655 bytes
2026-01-31 16:03:54 [MainThread      ]              World.cpp:1435  INFO| Finished World::Begin (0.022277 seconds)
2026-01-31 16:03:54 [LoadTaskScheduler]              World.cpp:1298  INFO| Started preScriptLoadTask
2026-01-31 16:03:54 [LoadTaskScheduler]              World.cpp:1263  INFO| Started loadMapDataTask (G_Combat17)
2026-01-31 16:03:54 [LoadTaskScheduler]              World.cpp:1304  INFO| Finished preScriptLoadTask (0.000000 seconds)
2026-01-31 16:03:54 [LoadTaskScheduler]              World.cpp:1313  INFO| Started loadPackagesTask
2026-01-31 16:03:54 [LoadTaskScheduler]              World.cpp:1317  INFO| Finished loadPackagesTask (0.000009 seconds)
2026-01-31 16:03:54 [LoadTaskScheduler]              World.cpp:1324  INFO| Started postLoadTask
2026-01-31 16:03:54 [LoadTaskScheduler]              World.cpp:1334  INFO| Done waiting for packages and pre-scripts task
2026-01-31 16:03:54 [SmallTaskScheduler]     BinarySaveData.cpp:17    INFO| Writing 248260 bytes
2026-01-31 16:03:54 [LoadTaskScheduler]     BinaryLoadData.cpp:12    INFO| Reading 310194 bytes
2026-01-31 16:03:54 [LoadTaskScheduler]              World.cpp:1292  INFO| Finished loadMapDataTask (0.031374 seconds)
2026-01-31 16:03:54 [LoadTaskScheduler]              World.cpp:1341  INFO| Calling PostLoad
2026-01-31 16:03:54 [LoadTaskScheduler]   GameAssetManager.cpp:658   INFO| Loading package: ApolloUpgrade.pkg
2026-01-31 16:03:54 [LoadTaskScheduler]   GameAssetManager.cpp:658   INFO| Loading package: AphroditeUpgrade.pkg
2026-01-31 16:03:54 [LoadTaskScheduler]   GameAssetManager.cpp:658   INFO| Loading package: DemeterUpgrade.pkg
2026-01-31 16:03:54 [LoadTaskScheduler]   GameAssetManager.cpp:658   INFO| Loading package: TrialUpgrade.pkg
2026-01-31 16:03:54 [LoadTaskScheduler]       AudioManager.cpp:1273  INFO| Unloaded Voice bank: Charon in 0.00s
2026-01-31 16:03:54 [LoadTaskScheduler]       AudioManager.cpp:1273  INFO| Unloaded Voice bank: Selene in 0.00s
2026-01-31 16:03:54 [LoadTaskScheduler]       AudioManager.cpp:1273  INFO| Unloaded Voice bank: Demeter in 0.00s
2026-01-31 16:03:55 [LoadTaskScheduler]              World.cpp:1343  INFO| Finished PostLoad
2026-01-31 16:03:55 [LoadTaskScheduler]              World.cpp:1348  INFO| Finished postLoadTask (0.078600 seconds)
2026-01-31 16:03:55 [MainThread      ]              World.cpp:1359  INFO| Started loadScreen onExit
2026-01-31 16:03:55 [MainThread      ]      ScriptManager.cpp:1001  INFO| Lua GC took 0.25 seconds
2026-01-31 16:03:55 [MainThread      ]              World.cpp:1366  INFO| Finished loadScreen onExit (0.267241 seconds)
2026-01-31 16:04:16 [MainThread      ]     BinarySaveData.cpp:42    INFO| PrepareForWrite dataSize = 9 bytes
2026-01-31 16:04:16 [SmallTaskScheduler]     BinarySaveData.cpp:17    INFO| Writing 9 bytes
2026-01-31 16:04:41 [MainThread      ]    ProgressManager.cpp:1102  INFO| Lua::Save() : 0.009994 s
2026-01-31 16:04:41 [MainThread      ]    ProgressManager.cpp:1034  INFO| GatherSaveData : 0.012538 s
2026-01-31 16:04:41 [MainThread      ]     BinarySaveData.cpp:42    INFO| PrepareForWrite dataSize = 252980 bytes
2026-01-31 16:04:41 [MainThread      ]     BinarySaveData.cpp:47    INFO| PrepareForWrite checksum = b6f184be bytes
2026-01-31 16:04:41 [MainThread      ]     BinarySaveData.cpp:42    INFO| PrepareForWrite dataSize = 9 bytes
2026-01-31 16:04:41 [SmallTaskScheduler]     BinarySaveData.cpp:17    INFO| Writing 252980 bytes
2026-01-31 16:04:41 [SmallTaskScheduler]     BinarySaveData.cpp:17    INFO| Writing 9 bytes
2026-01-31 16:04:46 [MainThread      ]     BinarySaveData.cpp:42    INFO| PrepareForWrite dataSize = 9 bytes
2026-01-31 16:04:46 [SmallTaskScheduler]     BinarySaveData.cpp:17    INFO| Writing 9 bytes
2026-01-31 16:04:46 [MainThread      ]              World.cpp:1373  INFO| World::Begin() G_Combat17 -> G_Combat10
2026-01-31 16:04:46 [MainThread      ]                 Pool.h:210   INFO| Projectile 0 / 217 (max 31) (594kb)
2026-01-31 16:04:46 [MainThread      ]                 Pool.h:210   INFO| HomingProjectile 0 / 108 (max 10) (297kb)
2026-01-31 16:04:46 [MainThread      ]                 Pool.h:210   INFO| BeamProjectile 0 / 81 (max 0) (225kb)
2026-01-31 16:04:46 [MainThread      ]                 Pool.h:210   INFO| LobProjectile 0 / 81 (max 1) (224kb)
2026-01-31 16:04:46 [MainThread      ]                 Pool.h:210   INFO| ArcProjectile 0 / 81 (max 7) (223kb)
2026-01-31 16:04:46 [MainThread      ]                 Pool.h:210   INFO| InstantProjectile 0 / 108 (max 4) (295kb)
2026-01-31 16:04:46 [MainThread      ]                 Pool.h:210   INFO| Effect 0 / 256 (max 19) (79kb)
2026-01-31 16:04:46 [MainThread      ]    ProgressManager.cpp:1102  INFO| Lua::Save() : 0.008941 s
2026-01-31 16:04:46 [MainThread      ]    ProgressManager.cpp:1034  INFO| GatherSaveData : 0.011401 s
2026-01-31 16:04:46 [MainThread      ]     BinarySaveData.cpp:42    INFO| PrepareForWrite dataSize = 252142 bytes
2026-01-31 16:04:46 [MainThread      ]     BinarySaveData.cpp:47    INFO| PrepareForWrite checksum = bcd67007 bytes
2026-01-31 16:04:46 [MainThread      ]              World.cpp:1435  INFO| Finished World::Begin (0.029187 seconds)
2026-01-31 16:04:46 [LoadTaskScheduler]              World.cpp:1263  INFO| Started loadMapDataTask (G_Combat10)
2026-01-31 16:04:46 [LoadTaskScheduler]              World.cpp:1298  INFO| Started preScriptLoadTask
2026-01-31 16:04:46 [LoadTaskScheduler]              World.cpp:1304  INFO| Finished preScriptLoadTask (0.000001 seconds)
2026-01-31 16:04:46 [LoadTaskScheduler]              World.cpp:1313  INFO| Started loadPackagesTask
2026-01-31 16:04:46 [LoadTaskScheduler]              World.cpp:1317  INFO| Finished loadPackagesTask (0.000005 seconds)
2026-01-31 16:04:46 [LoadTaskScheduler]              World.cpp:1324  INFO| Started postLoadTask
2026-01-31 16:04:46 [LoadTaskScheduler]              World.cpp:1334  INFO| Done waiting for packages and pre-scripts task
2026-01-31 16:04:46 [SmallTaskScheduler]     BinarySaveData.cpp:17    INFO| Writing 252142 bytes
2026-01-31 16:04:47 [LoadTaskScheduler]     BinaryLoadData.cpp:12    INFO| Reading 275398 bytes
2026-01-31 16:04:47 [LoadTaskScheduler]              World.cpp:1292  INFO| Finished loadMapDataTask (0.031948 seconds)
2026-01-31 16:04:47 [LoadTaskScheduler]              World.cpp:1341  INFO| Calling PostLoad
2026-01-31 16:04:47 [LoadTaskScheduler]   GameAssetManager.cpp:658   INFO| Loading package: ApolloUpgrade.pkg
2026-01-31 16:04:47 [LoadTaskScheduler]   GameAssetManager.cpp:658   INFO| Loading package: AphroditeUpgrade.pkg
2026-01-31 16:04:47 [LoadTaskScheduler]   GameAssetManager.cpp:658   INFO| Loading package: DemeterUpgrade.pkg
2026-01-31 16:04:47 [LoadTaskScheduler]   GameAssetManager.cpp:658   INFO| Loading package: TrialUpgrade.pkg
2026-01-31 16:04:47 [LoadTaskScheduler]              World.cpp:1343  INFO| Finished PostLoad
2026-01-31 16:04:47 [LoadTaskScheduler]              World.cpp:1348  INFO| Finished postLoadTask (0.075325 seconds)
2026-01-31 16:04:47 [MainThread      ]              World.cpp:1359  INFO| Started loadScreen onExit
2026-01-31 16:04:47 [MainThread      ]      ScriptManager.cpp:1001  INFO| Lua GC took 0.18 seconds
2026-01-31 16:04:47 [MainThread      ]              World.cpp:1366  INFO| Finished loadScreen onExit (0.195455 seconds)
2026-01-31 16:05:15 [MainThread      ]    ProgressManager.cpp:1102  INFO| Lua::Save() : 0.011129 s
2026-01-31 16:05:15 [MainThread      ]    ProgressManager.cpp:1034  INFO| GatherSaveData : 0.013459 s
2026-01-31 16:05:15 [MainThread      ]     BinarySaveData.cpp:42    INFO| PrepareForWrite dataSize = 253731 bytes
2026-01-31 16:05:15 [MainThread      ]     BinarySaveData.cpp:47    INFO| PrepareForWrite checksum = c890ddec bytes
2026-01-31 16:05:15 [MainThread      ]     BinarySaveData.cpp:42    INFO| PrepareForWrite dataSize = 9 bytes
2026-01-31 16:05:15 [SmallTaskScheduler]     BinarySaveData.cpp:17    INFO| Writing 253731 bytes
2026-01-31 16:05:15 [SmallTaskScheduler]     BinarySaveData.cpp:17    INFO| Writing 9 bytes
2026-01-31 16:05:21 [MainThread      ]     BinarySaveData.cpp:42    INFO| PrepareForWrite dataSize = 9 bytes
2026-01-31 16:05:21 [SmallTaskScheduler]     BinarySaveData.cpp:17    INFO| Writing 9 bytes
2026-01-31 16:05:21 [MainThread      ]              World.cpp:1373  INFO| World::Begin() G_Combat10 -> G_Combat13
2026-01-31 16:05:21 [MainThread      ]                 Pool.h:210   INFO| Projectile 0 / 217 (max 31) (594kb)
2026-01-31 16:05:21 [MainThread      ]                 Pool.h:210   INFO| HomingProjectile 0 / 108 (max 10) (297kb)
2026-01-31 16:05:21 [MainThread      ]                 Pool.h:210   INFO| BeamProjectile 0 / 81 (max 0) (225kb)
2026-01-31 16:05:21 [MainThread      ]                 Pool.h:210   INFO| LobProjectile 0 / 81 (max 2) (224kb)
2026-01-31 16:05:21 [MainThread      ]                 Pool.h:210   INFO| ArcProjectile 0 / 81 (max 7) (223kb)
2026-01-31 16:05:21 [MainThread      ]                 Pool.h:210   INFO| InstantProjectile 0 / 108 (max 4) (295kb)
2026-01-31 16:05:21 [MainThread      ]                 Pool.h:210   INFO| Effect 0 / 256 (max 20) (79kb)
2026-01-31 16:05:21 [MainThread      ]    ProgressManager.cpp:1102  INFO| Lua::Save() : 0.008152 s
2026-01-31 16:05:21 [MainThread      ]    ProgressManager.cpp:1034  INFO| GatherSaveData : 0.010268 s
2026-01-31 16:05:21 [MainThread      ]     BinarySaveData.cpp:42    INFO| PrepareForWrite dataSize = 251976 bytes
2026-01-31 16:05:21 [MainThread      ]     BinarySaveData.cpp:47    INFO| PrepareForWrite checksum = 3f0549ad bytes
2026-01-31 16:05:21 [SmallTaskScheduler]     BinarySaveData.cpp:17    INFO| Writing 251976 bytes
2026-01-31 16:05:21 [MainThread      ]              World.cpp:1435  INFO| Finished World::Begin (0.024981 seconds)
2026-01-31 16:05:21 [LoadTaskScheduler]              World.cpp:1263  INFO| Started loadMapDataTask (G_Combat13)
2026-01-31 16:05:21 [LoadTaskScheduler]              World.cpp:1298  INFO| Started preScriptLoadTask
2026-01-31 16:05:21 [LoadTaskScheduler]              World.cpp:1304  INFO| Finished preScriptLoadTask (0.000001 seconds)
2026-01-31 16:05:21 [LoadTaskScheduler]              World.cpp:1313  INFO| Started loadPackagesTask
2026-01-31 16:05:21 [LoadTaskScheduler]              World.cpp:1317  INFO| Finished loadPackagesTask (0.000005 seconds)
2026-01-31 16:05:21 [LoadTaskScheduler]              World.cpp:1324  INFO| Started postLoadTask
2026-01-31 16:05:21 [LoadTaskScheduler]              World.cpp:1334  INFO| Done waiting for packages and pre-scripts task
2026-01-31 16:05:21 [LoadTaskScheduler]     BinaryLoadData.cpp:12    INFO| Reading 313768 bytes
2026-01-31 16:05:21 [LoadTaskScheduler]              World.cpp:1292  INFO| Finished loadMapDataTask (0.031627 seconds)
2026-01-31 16:05:21 [LoadTaskScheduler]              World.cpp:1341  INFO| Calling PostLoad
2026-01-31 16:05:21 [LoadTaskScheduler]   GameAssetManager.cpp:658   INFO| Loading package: ApolloUpgrade.pkg
2026-01-31 16:05:21 [LoadTaskScheduler]   GameAssetManager.cpp:658   INFO| Loading package: AphroditeUpgrade.pkg
2026-01-31 16:05:21 [LoadTaskScheduler]   GameAssetManager.cpp:658   INFO| Loading package: DemeterUpgrade.pkg
2026-01-31 16:05:21 [LoadTaskScheduler]   GameAssetManager.cpp:658   INFO| Loading package: TrialUpgrade.pkg
2026-01-31 16:05:21 [LoadTaskScheduler]              World.cpp:1343  INFO| Finished PostLoad
2026-01-31 16:05:21 [LoadTaskScheduler]              World.cpp:1348  INFO| Finished postLoadTask (0.078968 seconds)
2026-01-31 16:05:21 [MainThread      ]              World.cpp:1359  INFO| Started loadScreen onExit
2026-01-31 16:05:21 [MainThread      ]      ScriptManager.cpp:1001  INFO| Lua GC took 0.26 seconds
2026-01-31 16:05:21 [MainThread      ]              World.cpp:1366  INFO| Finished loadScreen onExit (0.282677 seconds)
2026-01-31 16:05:37 [MainThread      ]     BinarySaveData.cpp:42    INFO| PrepareForWrite dataSize = 9 bytes
2026-01-31 16:05:37 [SmallTaskScheduler]     BinarySaveData.cpp:17    INFO| Writing 9 bytes
2026-01-31 16:05:53 [MainThread      ]    ProgressManager.cpp:1102  INFO| Lua::Save() : 0.012709 s
2026-01-31 16:05:53 [MainThread      ]    ProgressManager.cpp:1034  INFO| GatherSaveData : 0.015421 s
2026-01-31 16:05:53 [MainThread      ]     BinarySaveData.cpp:42    INFO| PrepareForWrite dataSize = 253667 bytes
2026-01-31 16:05:53 [MainThread      ]     BinarySaveData.cpp:47    INFO| PrepareForWrite checksum = 5f4c2444 bytes
2026-01-31 16:05:53 [MainThread      ]     BinarySaveData.cpp:42    INFO| PrepareForWrite dataSize = 9 bytes
2026-01-31 16:05:53 [SmallTaskScheduler]     BinarySaveData.cpp:17    INFO| Writing 253667 bytes
2026-01-31 16:05:53 [SmallTaskScheduler]     BinarySaveData.cpp:17    INFO| Writing 9 bytes
2026-01-31 16:05:58 [MainThread      ]     BinarySaveData.cpp:42    INFO| PrepareForWrite dataSize = 9 bytes
2026-01-31 16:05:58 [SmallTaskScheduler]     BinarySaveData.cpp:17    INFO| Writing 9 bytes
2026-01-31 16:05:58 [MainThread      ]              World.cpp:1373  INFO| World::Begin() G_Combat13 -> G_PreBoss01
2026-01-31 16:05:58 [MainThread      ]                 Pool.h:210   INFO| Projectile 0 / 217 (max 31) (594kb)
2026-01-31 16:05:58 [MainThread      ]                 Pool.h:210   INFO| HomingProjectile 0 / 108 (max 10) (297kb)
2026-01-31 16:05:58 [MainThread      ]                 Pool.h:210   INFO| BeamProjectile 0 / 81 (max 0) (225kb)
2026-01-31 16:05:58 [MainThread      ]                 Pool.h:210   INFO| LobProjectile 0 / 81 (max 2) (224kb)
2026-01-31 16:05:58 [MainThread      ]                 Pool.h:210   INFO| ArcProjectile 0 / 81 (max 7) (223kb)
2026-01-31 16:05:58 [MainThread      ]                 Pool.h:210   INFO| InstantProjectile 0 / 108 (max 4) (295kb)
2026-01-31 16:05:58 [MainThread      ]                 Pool.h:210   INFO| Effect 0 / 256 (max 24) (79kb)
2026-01-31 16:05:58 [MainThread      ]    ProgressManager.cpp:1102  INFO| Lua::Save() : 0.008026 s
2026-01-31 16:05:58 [MainThread      ]    ProgressManager.cpp:1034  INFO| GatherSaveData : 0.010183 s
2026-01-31 16:05:58 [MainThread      ]     BinarySaveData.cpp:42    INFO| PrepareForWrite dataSize = 254294 bytes
2026-01-31 16:05:58 [MainThread      ]     BinarySaveData.cpp:47    INFO| PrepareForWrite checksum = 457eedaf bytes
2026-01-31 16:05:58 [MainThread      ]              World.cpp:1435  INFO| Finished World::Begin (0.027136 seconds)
2026-01-31 16:05:58 [LoadTaskScheduler]              World.cpp:1263  INFO| Started loadMapDataTask (G_PreBoss01)
2026-01-31 16:05:58 [LoadTaskScheduler]              World.cpp:1298  INFO| Started preScriptLoadTask
2026-01-31 16:05:58 [LoadTaskScheduler]              World.cpp:1304  INFO| Finished preScriptLoadTask (0.000001 seconds)
2026-01-31 16:05:58 [LoadTaskScheduler]              World.cpp:1313  INFO| Started loadPackagesTask
2026-01-31 16:05:58 [LoadTaskScheduler]              World.cpp:1317  INFO| Finished loadPackagesTask (0.000005 seconds)
2026-01-31 16:05:58 [LoadTaskScheduler]              World.cpp:1324  INFO| Started postLoadTask
2026-01-31 16:05:58 [LoadTaskScheduler]              World.cpp:1334  INFO| Done waiting for packages and pre-scripts task
2026-01-31 16:05:58 [SmallTaskScheduler]     BinarySaveData.cpp:17    INFO| Writing 254294 bytes
2026-01-31 16:05:59 [LoadTaskScheduler]     BinaryLoadData.cpp:12    INFO| Reading 288036 bytes
2026-01-31 16:05:59 [LoadTaskScheduler]              World.cpp:1292  INFO| Finished loadMapDataTask (0.032303 seconds)
2026-01-31 16:05:59 [LoadTaskScheduler]              World.cpp:1341  INFO| Calling PostLoad
2026-01-31 16:05:59 [LoadTaskScheduler]   GameAssetManager.cpp:658   INFO| Loading package: ApolloUpgrade.pkg
2026-01-31 16:05:59 [LoadTaskScheduler]   GameAssetManager.cpp:658   INFO| Loading package: AphroditeUpgrade.pkg
2026-01-31 16:05:59 [LoadTaskScheduler]   GameAssetManager.cpp:658   INFO| Loading package: DemeterUpgrade.pkg
2026-01-31 16:05:59 [LoadTaskScheduler]   GameAssetManager.cpp:658   INFO| Loading package: TrialUpgrade.pkg
2026-01-31 16:05:59 [LoadTaskScheduler]              World.cpp:1343  INFO| Finished PostLoad
2026-01-31 16:05:59 [LoadTaskScheduler]              World.cpp:1348  INFO| Finished postLoadTask (0.083637 seconds)
2026-01-31 16:05:59 [MainThread      ]              World.cpp:1359  INFO| Started loadScreen onExit
2026-01-31 16:05:59 [MainThread      ]      ScriptManager.cpp:1001  INFO| Lua GC took 0.24 seconds
2026-01-31 16:05:59 [MainThread      ]       AudioManager.cpp:1233  INFO| Voice bank loaded successfully: Selene (469 lines in 0.002567 seconds)
2026-01-31 16:05:59 [MainThread      ]   GameAssetManager.cpp:658   INFO| Loading package: Selene.pkg
2026-01-31 16:05:59 [MainThread      ]   GameAssetManager.cpp:571   INFO| Start reading manifest Selene
2026-01-31 16:05:59 [MainThread      ]   GameAssetManager.cpp:632   INFO| Done reading manifest Selene
2026-01-31 16:05:59 [MainThread      ]   GameAssetManager.cpp:687   INFO| Package Loaded: Selene 56Mb in 0.04s
2026-01-31 16:05:59 [MainThread      ]   GameAssetManager.cpp:658   INFO| Loading package: ApolloUpgrade.pkg
2026-01-31 16:05:59 [MainThread      ]   GameAssetManager.cpp:658   INFO| Loading package: Apollo.pkg
2026-01-31 16:05:59 [MainThread      ]   GameAssetManager.cpp:571   INFO| Start reading manifest Apollo
2026-01-31 16:05:59 [MainThread      ]   GameAssetManager.cpp:632   INFO| Done reading manifest Apollo
2026-01-31 16:05:59 [MainThread      ]   GameAssetManager.cpp:687   INFO| Package Loaded: Apollo 40Mb in 0.03s
2026-01-31 16:05:59 [MainThread      ]       AudioManager.cpp:1233  INFO| Voice bank loaded successfully: Apollo (240 lines in 0.002648 seconds)
2026-01-31 16:05:59 [MainThread      ]       AudioManager.cpp:1233  INFO| Voice bank loaded successfully: Charon (138 lines in 0.001964 seconds)
2026-01-31 16:05:59 [MainThread      ]   GameAssetManager.cpp:658   INFO| Loading package: Charon.pkg
2026-01-31 16:05:59 [MainThread      ]   GameAssetManager.cpp:571   INFO| Start reading manifest Charon
2026-01-31 16:05:59 [MainThread      ]   GameAssetManager.cpp:632   INFO| Done reading manifest Charon
2026-01-31 16:05:59 [MainThread      ]   GameAssetManager.cpp:687   INFO| Package Loaded: Charon 54Mb in 0.05s
2026-01-31 16:05:59 [MainThread      ]              World.cpp:1366  INFO| Finished loadScreen onExit (0.394051 seconds)
2026-01-31 16:06:05 [MainThread      ]     BinarySaveData.cpp:42    INFO| PrepareForWrite dataSize = 9 bytes
2026-01-31 16:06:05 [SmallTaskScheduler]     BinarySaveData.cpp:17    INFO| Writing 9 bytes
2026-01-31 16:06:37 [MainThread      ]              World.cpp:1447  INFO| World::Stop()
2026-01-31 16:06:43 [MainThread      ]     BinarySaveData.cpp:42    INFO| PrepareForWrite dataSize = 9 bytes
2026-01-31 16:06:43 [SmallTaskScheduler]     BinarySaveData.cpp:17    INFO| Writing 9 bytes
2026-01-31 16:06:43 [MainThread      ]   GameAssetManager.cpp:884   INFO| Unloading: Apollo
2026-01-31 16:06:43 [MainThread      ]   GameAssetManager.cpp:889   INFO| 	Apollo bank: 0.00 ms
2026-01-31 16:06:43 [MainThread      ]   GameAssetManager.cpp:896   INFO| 	Apollo package: 0.35 ms
2026-01-31 16:06:43 [MainThread      ]   GameAssetManager.cpp:884   INFO| Unloading: Charon
2026-01-31 16:06:43 [MainThread      ]   GameAssetManager.cpp:889   INFO| 	Charon bank: 0.00 ms
2026-01-31 16:06:43 [MainThread      ]   GameAssetManager.cpp:896   INFO| 	Charon package: 0.59 ms
2026-01-31 16:06:43 [MainThread      ]   GameAssetManager.cpp:884   INFO| Unloading: Selene
2026-01-31 16:06:43 [MainThread      ]   GameAssetManager.cpp:889   INFO| 	Selene bank: 0.00 ms
2026-01-31 16:06:43 [MainThread      ]   GameAssetManager.cpp:896   INFO| 	Selene package: 0.38 ms
2026-01-31 16:06:43 [MainThread      ]              World.cpp:1373  INFO| World::Begin() G_PreBoss01 -> G_Boss01
2026-01-31 16:06:43 [MainThread      ]                 Pool.h:210   INFO| Projectile 0 / 217 (max 31) (594kb)
2026-01-31 16:06:43 [MainThread      ]                 Pool.h:210   INFO| HomingProjectile 0 / 108 (max 10) (297kb)
2026-01-31 16:06:43 [MainThread      ]                 Pool.h:210   INFO| BeamProjectile 0 / 81 (max 0) (225kb)
2026-01-31 16:06:43 [MainThread      ]                 Pool.h:210   INFO| LobProjectile 0 / 81 (max 2) (224kb)
2026-01-31 16:06:43 [MainThread      ]                 Pool.h:210   INFO| ArcProjectile 0 / 81 (max 7) (223kb)
2026-01-31 16:06:43 [MainThread      ]                 Pool.h:210   INFO| InstantProjectile 0 / 108 (max 4) (295kb)
2026-01-31 16:06:43 [MainThread      ]                 Pool.h:210   INFO| Effect 0 / 256 (max 24) (79kb)
2026-01-31 16:06:43 [MainThread      ]    ProgressManager.cpp:1102  INFO| Lua::Save() : 0.009157 s
2026-01-31 16:06:43 [MainThread      ]    ProgressManager.cpp:1034  INFO| GatherSaveData : 0.011637 s
2026-01-31 16:06:43 [MainThread      ]     BinarySaveData.cpp:42    INFO| PrepareForWrite dataSize = 255526 bytes
2026-01-31 16:06:43 [MainThread      ]     BinarySaveData.cpp:47    INFO| PrepareForWrite checksum = 44d462c4 bytes
2026-01-31 16:06:43 [MainThread      ]              World.cpp:1435  INFO| Finished World::Begin (0.032330 seconds)
2026-01-31 16:06:43 [LoadTaskScheduler]              World.cpp:1263  INFO| Started loadMapDataTask (G_Boss01)
2026-01-31 16:06:43 [LoadTaskScheduler]              World.cpp:1298  INFO| Started preScriptLoadTask
2026-01-31 16:06:43 [LoadTaskScheduler]              World.cpp:1304  INFO| Finished preScriptLoadTask (0.000000 seconds)
2026-01-31 16:06:43 [LoadTaskScheduler]              World.cpp:1313  INFO| Started loadPackagesTask
2026-01-31 16:06:43 [LoadTaskScheduler]              World.cpp:1317  INFO| Finished loadPackagesTask (0.000005 seconds)
2026-01-31 16:06:43 [LoadTaskScheduler]              World.cpp:1324  INFO| Started postLoadTask
2026-01-31 16:06:43 [LoadTaskScheduler]              World.cpp:1334  INFO| Done waiting for packages and pre-scripts task
2026-01-31 16:06:43 [SmallTaskScheduler]     BinarySaveData.cpp:17    INFO| Writing 255526 bytes
2026-01-31 16:06:43 [LoadTaskScheduler]     BinaryLoadData.cpp:12    INFO| Reading 412505 bytes
2026-01-31 16:06:43 [LoadTaskScheduler]              World.cpp:1292  INFO| Finished loadMapDataTask (0.032582 seconds)
2026-01-31 16:06:43 [LoadTaskScheduler]              World.cpp:1341  INFO| Calling PostLoad
2026-01-31 16:06:43 [LoadTaskScheduler]   GameAssetManager.cpp:658   INFO| Loading package: ApolloUpgrade.pkg
2026-01-31 16:06:43 [LoadTaskScheduler]   GameAssetManager.cpp:658   INFO| Loading package: AphroditeUpgrade.pkg
2026-01-31 16:06:43 [LoadTaskScheduler]   GameAssetManager.cpp:658   INFO| Loading package: DemeterUpgrade.pkg
2026-01-31 16:06:43 [LoadTaskScheduler]   GameAssetManager.cpp:658   INFO| Loading package: TrialUpgrade.pkg
2026-01-31 16:06:43 [LoadTaskScheduler]       AudioManager.cpp:1273  INFO| Unloaded Voice bank: Charon in 0.00s
2026-01-31 16:06:43 [LoadTaskScheduler]       AudioManager.cpp:1273  INFO| Unloaded Voice bank: Apollo in 0.00s
2026-01-31 16:06:43 [LoadTaskScheduler]       AudioManager.cpp:1273  INFO| Unloaded Voice bank: Selene in 0.00s
2026-01-31 16:06:43 [LoadTaskScheduler]   GameAssetManager.cpp:658   INFO| Loading package: Scylla.pkg
2026-01-31 16:06:43 [LoadTaskScheduler]   GameAssetManager.cpp:571   INFO| Start reading manifest Scylla
2026-01-31 16:06:43 [LoadTaskScheduler]   GameAssetManager.cpp:632   INFO| Done reading manifest Scylla
2026-01-31 16:06:43 [LoadTaskScheduler]   GameAssetManager.cpp:687   INFO| Package Loaded: Scylla 56Mb in 0.05s
2026-01-31 16:06:43 [LoadTaskScheduler]              World.cpp:1343  INFO| Finished PostLoad
2026-01-31 16:06:43 [LoadTaskScheduler]              World.cpp:1348  INFO| Finished postLoadTask (0.158329 seconds)
2026-01-31 16:06:43 [MainThread      ]              World.cpp:1359  INFO| Started loadScreen onExit
2026-01-31 16:06:43 [MainThread      ]      ScriptManager.cpp:1001  INFO| Lua GC took 0.25 seconds
2026-01-31 16:06:43 [MainThread      ]       AudioManager.cpp:1233  INFO| Voice bank loaded successfully: Scylla (450 lines in 0.008283 seconds)
2026-01-31 16:06:43 [MainThread      ]              World.cpp:1366  INFO| Finished loadScreen onExit (0.278469 seconds)
2026-01-31 16:07:46 [MainThread      ]     BinarySaveData.cpp:42    INFO| PrepareForWrite dataSize = 9 bytes
2026-01-31 16:07:46 [SmallTaskScheduler]     BinarySaveData.cpp:17    INFO| Writing 9 bytes
2026-01-31 16:11:18 [MainThread      ]    ProgressManager.cpp:1102  INFO| Lua::Save() : 0.011543 s
2026-01-31 16:11:18 [MainThread      ]    ProgressManager.cpp:1034  INFO| GatherSaveData : 0.014698 s
2026-01-31 16:11:18 [MainThread      ]     BinarySaveData.cpp:42    INFO| PrepareForWrite dataSize = 258296 bytes
2026-01-31 16:11:18 [MainThread      ]     BinarySaveData.cpp:47    INFO| PrepareForWrite checksum = 1f2f2d4b bytes
2026-01-31 16:11:18 [MainThread      ]     BinarySaveData.cpp:42    INFO| PrepareForWrite dataSize = 9 bytes
2026-01-31 16:11:18 [SmallTaskScheduler]     BinarySaveData.cpp:17    INFO| Writing 258296 bytes
2026-01-31 16:11:18 [SmallTaskScheduler]     BinarySaveData.cpp:17    INFO| Writing 9 bytes
2026-01-31 16:11:27 [MainThread      ]     BinarySaveData.cpp:42    INFO| PrepareForWrite dataSize = 9 bytes
2026-01-31 16:11:27 [SmallTaskScheduler]     BinarySaveData.cpp:17    INFO| Writing 9 bytes
2026-01-31 16:11:27 [MainThread      ]   GameAssetManager.cpp:884   INFO| Unloading: Scylla
2026-01-31 16:11:27 [MainThread      ]   GameAssetManager.cpp:889   INFO| 	Scylla bank: 0.00 ms
2026-01-31 16:11:27 [MainThread      ]   GameAssetManager.cpp:896   INFO| 	Scylla package: 0.91 ms
2026-01-31 16:11:28 [MainThread      ]              World.cpp:1373  INFO| World::Begin() G_Boss01 -> G_PostBoss01
2026-01-31 16:11:28 [MainThread      ]                 Pool.h:210   INFO| Projectile 0 / 217 (max 31) (594kb)
2026-01-31 16:11:28 [MainThread      ]                 Pool.h:210   INFO| HomingProjectile 0 / 108 (max 15) (297kb)
2026-01-31 16:11:28 [MainThread      ]                 Pool.h:210   INFO| BeamProjectile 0 / 81 (max 0) (225kb)
2026-01-31 16:11:28 [MainThread      ]                 Pool.h:210   INFO| LobProjectile 0 / 81 (max 5) (224kb)
2026-01-31 16:11:28 [MainThread      ]                 Pool.h:210   INFO| ArcProjectile 0 / 81 (max 8) (223kb)
2026-01-31 16:11:28 [MainThread      ]                 Pool.h:210   INFO| InstantProjectile 0 / 108 (max 8) (295kb)
2026-01-31 16:11:28 [MainThread      ]                 Pool.h:210   INFO| Effect 0 / 256 (max 26) (79kb)
2026-01-31 16:11:28 [MainThread      ]    ProgressManager.cpp:1102  INFO| Lua::Save() : 0.008012 s
2026-01-31 16:11:28 [MainThread      ]    ProgressManager.cpp:1034  INFO| GatherSaveData : 0.010151 s
2026-01-31 16:11:28 [MainThread      ]     BinarySaveData.cpp:42    INFO| PrepareForWrite dataSize = 256749 bytes
2026-01-31 16:11:28 [MainThread      ]     BinarySaveData.cpp:47    INFO| PrepareForWrite checksum = 722f8b66 bytes
2026-01-31 16:11:28 [MainThread      ]              World.cpp:1435  INFO| Finished World::Begin (0.030381 seconds)
2026-01-31 16:11:28 [LoadTaskScheduler]              World.cpp:1263  INFO| Started loadMapDataTask (G_PostBoss01)
2026-01-31 16:11:28 [LoadTaskScheduler]              World.cpp:1298  INFO| Started preScriptLoadTask
2026-01-31 16:11:28 [LoadTaskScheduler]              World.cpp:1304  INFO| Finished preScriptLoadTask (0.000001 seconds)
2026-01-31 16:11:28 [LoadTaskScheduler]              World.cpp:1313  INFO| Started loadPackagesTask
2026-01-31 16:11:28 [LoadTaskScheduler]              World.cpp:1317  INFO| Finished loadPackagesTask (0.000005 seconds)
2026-01-31 16:11:28 [LoadTaskScheduler]              World.cpp:1324  INFO| Started postLoadTask
2026-01-31 16:11:28 [LoadTaskScheduler]              World.cpp:1334  INFO| Done waiting for packages and pre-scripts task
2026-01-31 16:11:28 [SmallTaskScheduler]     BinarySaveData.cpp:17    INFO| Writing 256749 bytes
2026-01-31 16:11:28 [LoadTaskScheduler]     BinaryLoadData.cpp:12    INFO| Reading 154092 bytes
2026-01-31 16:11:28 [LoadTaskScheduler]              World.cpp:1292  INFO| Finished loadMapDataTask (0.030872 seconds)
2026-01-31 16:11:28 [LoadTaskScheduler]              World.cpp:1341  INFO| Calling PostLoad
2026-01-31 16:11:28 [LoadTaskScheduler]   GameAssetManager.cpp:658   INFO| Loading package: ApolloUpgrade.pkg
2026-01-31 16:11:28 [LoadTaskScheduler]   GameAssetManager.cpp:658   INFO| Loading package: AphroditeUpgrade.pkg
2026-01-31 16:11:28 [LoadTaskScheduler]   GameAssetManager.cpp:658   INFO| Loading package: DemeterUpgrade.pkg
2026-01-31 16:11:28 [LoadTaskScheduler]   GameAssetManager.cpp:658   INFO| Loading package: TrialUpgrade.pkg
2026-01-31 16:11:28 [LoadTaskScheduler]       AudioManager.cpp:1273  INFO| Unloaded Voice bank: Scylla in 0.00s
2026-01-31 16:11:28 [LoadTaskScheduler]              World.cpp:1343  INFO| Finished PostLoad
2026-01-31 16:11:28 [LoadTaskScheduler]              World.cpp:1348  INFO| Finished postLoadTask (0.060795 seconds)
2026-01-31 16:11:28 [MainThread      ]              World.cpp:1359  INFO| Started loadScreen onExit
2026-01-31 16:11:28 [MainThread      ]      ScriptManager.cpp:1001  INFO| Lua GC took 0.28 seconds
2026-01-31 16:11:28 [MainThread      ]              World.cpp:1366  INFO| Finished loadScreen onExit (0.288221 seconds)
2026-01-31 16:11:33 [MainThread      ]              World.cpp:1447  INFO| World::Stop()
2026-01-31 16:11:35 [MainThread      ]       AudioManager.cpp:356   INFO| AudioManager.reset
2026-01-31 16:11:35 [MainThread      ]       AudioManager.cpp:3765  INFO| AudioManager.reset, excludeId = -1, fullWipe = true
2026-01-31 16:11:35 [MainThread      ]     ProfileManager.cpp:145   INFO| saveProfile()
2026-01-31 16:11:35 [SmallTaskScheduler]     ProfileManager.cpp:96    INFO| beginning profile write
2026-01-31 16:11:35 [MainThread      ]                 Pool.h:210   INFO| Projectile 0 / 217 (max 31) (594kb)
2026-01-31 16:11:35 [MainThread      ]                 Pool.h:210   INFO| HomingProjectile 0 / 108 (max 15) (297kb)
2026-01-31 16:11:35 [MainThread      ]                 Pool.h:210   INFO| BeamProjectile 0 / 81 (max 0) (225kb)
2026-01-31 16:11:35 [MainThread      ]                 Pool.h:210   INFO| LobProjectile 0 / 81 (max 5) (224kb)
2026-01-31 16:11:35 [MainThread      ]                 Pool.h:210   INFO| ArcProjectile 0 / 81 (max 8) (223kb)
2026-01-31 16:11:35 [MainThread      ]                 Pool.h:210   INFO| InstantProjectile 0 / 108 (max 8) (295kb)
2026-01-31 16:11:35 [SmallTaskScheduler]     ProfileManager.cpp:126   INFO| profile write done
2026-01-31 16:11:35 [MainThread      ]                 Pool.h:210   INFO| Effect 0 / 256 (max 26) (79kb)
2026-01-31 16:11:35 [MainThread      ]   GameAssetManager.cpp:884   INFO| Unloading: WeaponBlink
2026-01-31 16:11:35 [MainThread      ]   GameAssetManager.cpp:889   INFO| 	WeaponBlink bank: 0.00 ms
2026-01-31 16:11:35 [MainThread      ]   GameAssetManager.cpp:896   INFO| 	WeaponBlink package: 0.21 ms
2026-01-31 16:11:35 [MainThread      ]   GameAssetManager.cpp:884   INFO| Unloading: WeaponCast
2026-01-31 16:11:35 [MainThread      ]   GameAssetManager.cpp:889   INFO| 	WeaponCast bank: 0.00 ms
2026-01-31 16:11:35 [MainThread      ]   GameAssetManager.cpp:896   INFO| 	WeaponCast package: 2.24 ms
2026-01-31 16:11:35 [MainThread      ]   GameAssetManager.cpp:884   INFO| Unloading: WeaponAxe
2026-01-31 16:11:35 [MainThread      ]   GameAssetManager.cpp:889   INFO| 	WeaponAxe bank: 0.00 ms
2026-01-31 16:11:35 [MainThread      ]   GameAssetManager.cpp:896   INFO| 	WeaponAxe package: 0.91 ms
2026-01-31 16:11:35 [MainThread      ]   GameAssetManager.cpp:884   INFO| Unloading: WeaponSpellTransform
2026-01-31 16:11:35 [MainThread      ]   GameAssetManager.cpp:889   INFO| 	WeaponSpellTransform bank: 0.00 ms
2026-01-31 16:11:35 [MainThread      ]   GameAssetManager.cpp:896   INFO| 	WeaponSpellTransform package: 0.35 ms
2026-01-31 16:11:35 [MainThread      ]   GameAssetManager.cpp:658   INFO| Loading package: MainMenu.pkg
2026-01-31 16:11:35 [MainThread      ]   GameAssetManager.cpp:571   INFO| Start reading manifest MainMenu
2026-01-31 16:11:35 [MainThread      ]   GameAssetManager.cpp:632   INFO| Done reading manifest MainMenu
2026-01-31 16:11:35 [MainThread      ]   GameAssetManager.cpp:687   INFO| Package Loaded: MainMenu 65Mb in 0.05s
2026-01-31 16:11:38 [MainThread      ]     ProfileManager.cpp:145   INFO| saveProfile()
2026-01-31 16:11:38 [MainThread      ]     MainMenuScreen.cpp:863   INFO| MainMenuScreen::ExitGame()
2026-01-31 16:11:38 [SmallTaskScheduler]     ProfileManager.cpp:96    INFO| beginning profile write
2026-01-31 16:11:38 [SmallTaskScheduler]     ProfileManager.cpp:126   INFO| profile write done
2026-01-31 16:11:38 [RenderThread    ]            Program.cpp:2114  INFO| renderThread exit
2026-01-31 16:11:39 [MainThread      ]            Program.cpp:183   INFO| IrisMainApp::Exit()
2026-01-31 16:11:39 [MainThread      ]                App.cpp:230   INFO| App Shutdown
2026-01-31 16:11:39 [MainThread      ]                App.cpp:245   INFO| ScreenManager Shutdown
2026-01-31 16:11:39 [MainThread      ]           InGameUI.cpp:60    INFO| InGameUI Destroy
2026-01-31 16:11:39 [MainThread      ]                App.cpp:255   INFO| AudioManager Shutdown
2026-01-31 16:11:39 [MainThread      ]                App.cpp:258   INFO| World Shutdown
2026-01-31 16:11:39 [MainThread      ]                 Pool.h:210   INFO| Projectile 0 / 217 (max 31) (594kb)
2026-01-31 16:11:39 [MainThread      ]                 Pool.h:210   INFO| HomingProjectile 0 / 108 (max 15) (297kb)
2026-01-31 16:11:39 [MainThread      ]                 Pool.h:210   INFO| BeamProjectile 0 / 81 (max 0) (225kb)
2026-01-31 16:11:39 [MainThread      ]                 Pool.h:210   INFO| LobProjectile 0 / 81 (max 5) (224kb)
2026-01-31 16:11:39 [MainThread      ]                 Pool.h:210   INFO| ArcProjectile 0 / 81 (max 8) (223kb)
2026-01-31 16:11:39 [MainThread      ]                 Pool.h:210   INFO| InstantProjectile 0 / 108 (max 8) (295kb)
2026-01-31 16:11:39 [MainThread      ]                 Pool.h:210   INFO| Effect 0 / 256 (max 26) (79kb)
2026-01-31 16:11:39 [MainThread      ]                 Pool.h:210   INFO| Effect 0 / 256 (max 26) (79kb)
2026-01-31 16:11:39 [MainThread      ]                 Pool.h:210   INFO| GunWeapon 0 / 32 (max 13) (68kb)
2026-01-31 16:11:39 [MainThread      ]                 Pool.h:210   INFO| BlinkWeapon 0 / 32 (max 3) (13kb)
2026-01-31 16:11:39 [MainThread      ]                 Pool.h:210   INFO| RamWeapon 0 / 32 (max 1) (13kb)
2026-01-31 16:11:39 [MainThread      ]             LuaExt.cpp:576   INFO| Lua interface destroyed
2026-01-31 16:11:39 [MainThread      ]                App.cpp:267   INFO| InputHandler Shutdown
2026-01-31 16:11:39 [MainThread      ]                App.cpp:281   INFO| Component Shutdown
2026-01-31 16:11:39 [MainThread      ]   GameAssetManager.cpp:884   INFO| Unloading: GUI
2026-01-31 16:11:39 [MainThread      ]   GameAssetManager.cpp:889   INFO| 	GUI bank: 0.00 ms
2026-01-31 16:11:39 [MainThread      ]   GameAssetManager.cpp:896   INFO| 	GUI package: 9.44 ms
2026-01-31 16:11:39 [MainThread      ]   GameAssetManager.cpp:884   INFO| Unloading: GUI_Mouse
2026-01-31 16:11:39 [MainThread      ]   GameAssetManager.cpp:889   INFO| 	GUI_Mouse bank: 0.00 ms
2026-01-31 16:11:39 [MainThread      ]   GameAssetManager.cpp:896   INFO| 	GUI_Mouse package: 0.06 ms
2026-01-31 16:11:39 [MainThread      ]   GameAssetManager.cpp:884   INFO| Unloading: Fx
2026-01-31 16:11:39 [MainThread      ]   GameAssetManager.cpp:889   INFO| 	Fx bank: 0.00 ms
2026-01-31 16:11:39 [MainThread      ]   GameAssetManager.cpp:896   INFO| 	Fx package: 17.25 ms
2026-01-31 16:11:39 [MainThread      ]   GameAssetManager.cpp:884   INFO| Unloading: ScriptsBase
2026-01-31 16:11:39 [MainThread      ]   GameAssetManager.cpp:889   INFO| 	ScriptsBase bank: 0.00 ms
2026-01-31 16:11:39 [MainThread      ]   GameAssetManager.cpp:896   INFO| 	ScriptsBase package: 2.93 ms
2026-01-31 16:11:39 [MainThread      ]   GameAssetManager.cpp:884   INFO| Unloading: Melinoe
2026-01-31 16:11:39 [MainThread      ]   GameAssetManager.cpp:889   INFO| 	Melinoe bank: 0.00 ms
2026-01-31 16:11:39 [MainThread      ]   GameAssetManager.cpp:896   INFO| 	Melinoe package: 0.43 ms
2026-01-31 16:11:39 [MainThread      ]   GameAssetManager.cpp:884   INFO| Unloading: BiomeG
2026-01-31 16:11:39 [MainThread      ]   GameAssetManager.cpp:889   INFO| 	BiomeG bank: 0.00 ms
2026-01-31 16:11:39 [MainThread      ]   GameAssetManager.cpp:896   INFO| 	BiomeG package: 3.32 ms
2026-01-31 16:11:39 [MainThread      ]   GameAssetManager.cpp:884   INFO| Unloading: MainMenu
2026-01-31 16:11:39 [MainThread      ]   GameAssetManager.cpp:889   INFO| 	MainMenu bank: 0.00 ms
2026-01-31 16:11:39 [MainThread      ]   GameAssetManager.cpp:896   INFO| 	MainMenu package: 0.14 ms
2026-01-31 16:11:39 [MainThread      ]                App.cpp:287   INFO| DrawManager Shutdown
2026-01-31 16:11:39 [MainThread      ]        DrawManager.cpp:137   INFO| DrawManager::Exit
2026-01-31 16:11:39 [MainThread      ]           Granny3D.cpp:886   INFO| Granny3D::Exit()
2026-01-31 16:11:39 [MainThread      ]      ForgeRenderer.cpp:2592  INFO| ForgeRenderer::Unload
2026-01-31 16:11:39 [MainThread      ]     ResourceLoader.cpp:556   INFO| Was not cleaned up 0
2026-01-31 16:11:39 [MainThread      ]                App.cpp:296   INFO| PlayerManager Shutdown
2026-01-31 16:11:39 [MainThread      ]                App.cpp:310   INFO| App Shutdown Finished
2026-01-31 16:11:39 [MainThread      ]   InputSystemWin64.cpp:1153  INFO| InputSystemSDL exit [exitPlatformInputSystem()].
2026-01-31 16:11:39 [MainThread      ]   InputSystemWin64.cpp:247   INFO| InputSystemSDL Exit. [Exit()]
2026-01-31 16:11:39 [MainThread      ]            Program.cpp:200   INFO| PlatformAnalytics Cleanup
2026-01-31 16:11:39 [MainThread      ]                Log.cpp:103   INFO| Log::Exit
